names,gender
آب حیات,2
آب ناهید,2
آباد,1
آبادان,1
آبادیس,1
اباذر,1
آبار,1
آباریس,1
اباصلت,1
آباغان,1
آباقا,1
آباگران,1
آبان,1
آبان,2
آبان دخت,2
آبان دیس,2
آبان سا,2
آبان مهر,2
آبانا,2
آباندان,1
آبانک,2
آبانوز,1
آبای,1
آبتاب,2
ابتسام,2
ابتهاج,2
ابتهاش,1
ابتهال,2
آبتین,1
آبد,1
آبدست,1
آبدیس,2
آبدین,1
ابرا,2
ابرار,1
ابرارها,1
آبرام,1
آبراما,1
آبراهام,1
ابراهیم,1
ابراهیم طاها,1
آبرخ,2
ابرسام,1
ابرش,1
آبرلی,1
آبرنگ,2
آبرود,2
آبروشن,2
آبرون,2
ابریشم,2
آبسال,2
آبسالان,2
ابستا,1
آبستا,1
آبش,1
آبشار,2
آبشن,2
آبگل,2
آبگون,2
آبگین,2
آبگینه,2
آبلاتکا,1
آبناز,2
ابناس,2
آبنوس,2
آبنوش,2
ابو,1
ابوالحسن,1
ابوالحسین,1
ابوالعباس,1
ابوالفتح,1
ابوالفضل,1
ابوالقاسم,1
ابوبکر,1
ابوتراب,1
ابوذر,1
ابوریحان,1
ابوطالب,1
آبیژ,2
آبیق,1
آبیقان,1
آبین,2
آبینچ,1
آبینه,2
آپادا,1
آپاداش,1
آپادانا,2
آپادیپا,2
آپاسای,1
آپام,2
آپاما,2
آپامنه,2
آپامه,2
آپتین,1
آپرانیک,2
اپرنگ,1
اپرویز,1
آپگیا,2
آپگیتی,2
آپنیتا,1
آپیشن,2
آتا,1
آتاباللی,1
آتابای,1
اتابک,1
آتابیک,1
آتابیگ,1
آتاسای,1
آتاش,1
آتاشا,2
آتاقلیچ,1
آتاکان,1
آتاگلدی,1
آتالان,1
آتامان,1
آتامکین,1
آتان,1
آتاناز,2
آتای,1
آتایار,1
اتبک,1
آتبین,1
آتجان,1
آتحان,1
آتر,2
آترا,2
آترابان,1
آتربان,1
آتردین,1
آترس,1
اترک,1
آتروان,1
آتروپات,1
آتروسا,2
آترون,1
آتری,2
آتریا,2
آتریداد,1
آتریزاد,2
آتریسا,2
آترین,2
آترینا,2
آترینه,1
آتسا,2
آتسز,1
آتش,2
آتشبند,2
آتشدخت,2
آتشرخ,2
آتشزاد,1
آتشفام,2
آتشک,2
آتشگون,2
آتشه,2
آتشی,2
آتشین,2
آتلاز,2
آتلان,1
آتلی,1
آتمش,1
آتمین,1
آتنا,2
آتنایا,2
آتنه,2
آتهینا,2
آتور,1
آتورپات,1
آتورینا,2
آتوسا,2
آتوشه,2
آتون,1
آتیال,1
آتیتی,1
آتیجی,1
آتیس,2
آتیسا,2
آتیق,1
آتیلا,1
آتین,2
آتینا,2
آتیه,2
آثویه,1
اثیر,1
آجار,1
آجارمان,1
اجلال,1
آجلان,1
آجیر,1
آچیق,2
آچیم,1
احترام,2
احتشام,1
احد,1
احدرضا,1
احرار,1
احساس,2
احسان,1
احسان الله,1
احسانه,2
احصا,2
احلام,2
احمد,1
احمدپاشا,1
احمدحسن,1
احمدحسین,1
احمدرضا,1
احمدصادق,1
احمدطاها,1
احمدعلی,1
احمدهادی,1
احمدیاسین,1
احنف,1
احور,1
احیا,2
اختای,1
اختر,2
آخش,1
اخشاد,1
آخشام,1
اخشید,1
اخگر,2
اخلاص,2
آدا,2
آداد,1
آدار,1
آدارایل,1
آداش,1
آداق,1
آداک,1
آدال,1
آدالان,1
آدام,1
آدان,1
آدای,1
ادب,1
آدخ,1
آدخت,2
آدرا,2
آدریا,1
آدریان,1
آدریانا,2
آدریانوس,1
ادریس,1
آدریل,1
آدرین,1
آدرینا,2
آدسای,1
آدلان,1
آدلی,1
آدلیا,2
آدم,1
ادنا,2
آدنا,2
آدنیس,2
آدهاوا,1
ادهم,1
ادوای,1
آدور,1
آدورا,1
آدورینا,2
آدونیس,2
ادوین,1
آدوین,1
آدی,1
آدی گوزل,1
آدیا,2
ادیان,1
ادیب,1
ادیب الدین,1
ادیبه,2
آدیش,1
آدیش,2
آدیشا,2
آدیشه,2
آدیگوزل,1
ادیم,1
آدین,1
آدینا,2
آدینه,2
آذار,2
آذر,2
آذران,1
آذراوغلی,1
آذرآیین,1
آذربابا,1
آذرباد,1
آذربان,1
آذربانو,2
آذربد,1
آذربرزین,1
آذربه,1
آذربهرام,1
آذربو,2
آذرپاد,1
آذرپی,1
آذرتاش,1
آذرتوس,1
آذرجهان,2
آذرجوش,1
آذرچهر,2
آذرخاتون,2
آذرخش,2
آذرداد,1
آذردخت,2
آذرسا,2
آذرشب,2
آذرشن,1
آذرطوس,1
آذرفر,1
آذرفروغ,2
آذرک,2
آذرگل,2
آذرگون,2
آذرمان,1
آذرماه,2
آذرمن,1
آذرمه,2
آذرمیدخت,2
آذرمینا,2
آذرنگ,2
آذرنوش,2
آذرهمایون,2
آذروان,1
آذریاس,2
آذرین,2
آذریون,2
آذین,2
آذین دخت,2
آذین گل,2
آرا,2
آرات,1
آراج,1
آراد,1
آرادخت,2
آراز,1
آرازش,1
آراس,1
اراسب,1
آراسب,1
اراسپ,1
آراسپ,1
آراسته,2
آراشید,2
آراکو,1
آراگل,2
آرال,1
آرالیا,2
آرام,2
آرام چهر,2
آرام دخت,2
آرامش,2
آرامه,2
آرامیان,1
آرامیس,2
اران,1
آران,1
آرای,2
آرایلی,2
آرایه,2
ارباب,1
ارباد,1
ارباس,1
اربیل,1
آرپان,1
ارتا,2
آرتا,1
آرتاباز,1
آرتابان,1
آرتاپارت,1
ارتادخت,2
آرتادخت,2
آرتاریا,1
ارتاش,1
آرتاش,1
ارتافرن,1
ارتافرین,1
آرتام,1
آرتامن,1
آرتامهر,1
آرتامیس,2
آرتان,1
آرتانا,2
ارتگین,1
آرتمن,1
آرتمیز,2
آرتمیس,2
آرتن,1
ارتنگ,1
آرتنوس,2
آرتوان,1
آرتور,1
آرتوش,1
آرتوم,1
آرتون,1
آرتونیس,2
آرتی,1
آرتیا,1
آرتیان,1
آرتیستون,2
آرتیکا,1
آرتیکاس,1
آرتیما,1
آرتیمان,1
آرتیمس,2
آرتین,1
آرتینا,2
آرتینه,2
ارجا,1
ارجاسب,1
ارجاسپ,1
ارجان,1
ارجمند,1
ارحام,1
اَرحام,1
آرخا,1
ارد,1
اردا,1
آردا,1
ارداک,1
اردشام,1
اردشیر,1
اردکام,1
اردلان,1
اردم,1
اردن,1
اردوان,1
اَردوان,1
اردی,2
اردیان,1
اردیبهشت,2
آردیسیا,2
اردین,1
آردین,1
آرزم,1
ارزنده,2
آرزو,2
ارزین,2
ارزینه,2
آرژان,1
ارژن,1
ارژنگ,1
آرژین,1
ارس,1
ارسا,2
آرسا,1
ارسام,1
اَرسام,1
آرسام,1
آرسامس,1
ارسامن,1
آرسامن,1
ارسان,1
آرسان,1
آرسانا,2
ارسای,1
آرسس,1
ارسطو,1
ارسل,1
ارسلان,1
اَرسلان,1
ارسمان,1
ارسن,1
آرسن,1
آرسو,2
ارسوی,1
ارسیا,1
آرسیس,1
ارسیما,1
آرسین,1
آرسینا,2
آرسینه,2
آرش,1
ارشا,1
آرشا,1
ارشاد,1
ارشاسب,1
ارشاک,1
آرشاک,1
ارشام,1
اَرشام,1
آرشام,1
ارشاما,1
ارشامه,2
ارشان,1
آرشان,1
ارشانوش,2
آرشاویر,1
آرشاوین,1
ارشد,1
ارشز,1
ارشک,1
اَرَشک,1
ارشکان,1
ارشمیدس,1
ارشن,1
آرشن,1
ارشویر,1
اَرشیا,1
آرشیا,1
آرشیت,2
آرشیدا,2
ارشیز,1
ارشین,2
آرشین,1
آرشینا,2
ارغان,1
ارغش,1
ارغند,1
ارغنون,2
ارغوا,1
ارغوان,2
ارغون,1
ارفش,1
ارفع,1
آرقون,1
آرکا,1
ارکان,1
آرکان,1
ارکیا,2
آرکیا,2
ارکیده,2
ارکین,1
آرگش,1
ارم,2
ارماسب,1
آرمان,1
آرمانا,2
آرماند,1
آرماندا,2
آرماندیس,2
ارمانک,1
ارمایل,1
آرمتی,2
ارمزد,1
ارمس,1
ارمغان,2
آرمناک,1
آرمند,1
آرمه,2
آرمهر,1
ارمیا,1
اِرمیا,1
آرمیا,1
آرمیتا,2
آرمیتاژ,2
آرمیتان,2
آرمیتی,2
آرمیدخت,2
آرمیس,2
آرمیلا,2
آرمین,1
ارمین دخت,2
آرمین دخت,2
آرمینا,2
آرمینه,2
آرمینی,1
آرن,1
آرنا,2
ارناز,2
ارناک,1
آرنام,1
آرنگ,1
ارنواز,2
آرنوش,2
آرنوشا,2
آرنیا,1
آرنیک,1
ارنیکا,2
آرنیکا,2
ارهام,1
آرهان,1
آرو,1
آروا,2
ارواد,1
آروان,1
آرورا,2
آروز,1
اروس,2
اروشا,2
آروشا,1
آروشا,2
اروشه,2
آروکو,1
آرون,1
ارونا,2
آرونا,2
اروند,1
آروند,1
آرویج,1
آروید,1
آرویشه,2
اروین,1
آروین,1
آروینا,2
آریا,1
آریاباد,1
آریابان,1
آریابد,1
آریابرز,1
آریابرزین,1
آریاچهر,2
آریادخت,2
اریار,1
آریاراد,1
آریارامنه,1
آریارمن,1
آریارمنه,1
آریاز,1
آریاس,1
آریاسام,1
اریاسب,1
آریاسپ,1
آریافر,1
اریاک,2
آریاک,1
آریاگیو,1
آریام,1
آریامن,1
آریامنش,1
آریامهر,1
آریان,1
آریان رضا,1
آریانا,2
آریاناز,2
آریانه,2
آریانوش,1
آریانیک,1
آریاوا,1
آریاوش,1
آریتما,1
اریحا,2
اریدیس,2
آریژه,2
اریس,1
آریس,1
اریسا,2
آریسا,2
آریسان,2
آریستا,2
آریسته,1
آریشا,1
آریشن,1
آریشیدا,2
اریکا,2
آریل,1
آریم,1
ارین,2
آرین,1
آرین دخت,2
آرین راد,1
آرین مهر,1
آرینا,2
آرینود,1
آریه,1
آریو,1
آریوان,1
آریوبرزن,1
آریوبرزین,1
آریوداد,1
آریوراد,1
آریوس,1
آریوسام,1
آریومهر,1
آریوند,1
آزا,1
آزات,1
آزاد,1
آزادبه,1
آزادچهر,2
آزاددخت,2
آزادسرو,1
آزادفروز,1
آزادمهر,1
آزاده,2
ازال,1
آزاله,2
آزالیا,2
ازدر,1
آزر,1
آزران,1
آزرم,2
آزرم چهر,2
آزرم دخت,2
آزرمان,1
آزرمیدخت,2
آزرمین,2
ازگل,2
ازل,2
آزما,1
آزمون,1
ازهار,2
ازهر,1
آزیتا,2
اژدر,1
آژمان,1
آژند,1
آژنگ,1
آژو,1
آژوان,1
آژیار,1
آسا,2
آساد,1
آسادخت,2
آساره,2
آسال,1
آسام,1
اسامه,1
اُسامه,1
آسانا,2
آساهیر,2
آسایش,2
اسپاتنا,1
آسپاداس,1
اسپاکو,2
اسپانتا,2
اسپاندا,2
اسپنتا,2
اسپنداد,1
اسپندیاد,1
اسپندیار,1
اسپنوی,2
آسپیان,1
اسپیتامن,1
اسپیتمان,1
اسپیتمن,1
استاتیرا,2
استانس,1
استبرق,2
استر,2
استرا,1
آسترید,2
استوان,1
آستیاژ,1
آستیاگ,1
اسحاق,1
اسحق,1
اسد,1
اسدالله,1
آسدین,1
اسرا,2
اسرار,2
اسرافیل,1
اسرین,2
اسعد,1
اسعدالدین,1
اسفار,1
اسفند,1
اسفندیار,1
اسکندر,1
آسکی,2
اسلام,1
آسلان,1
اسلم,1
اسما,2
اسماعیل,1
آسمان,2
آسمان هور,2
آسمانه,2
اسمر,2
آسمیتا,1
آسمین,2
اسنا,2
آسنا,2
آسنات,2
آسو,2
اسوار,1
آسودا,2
آسوده,2
اسوه,2
آسیا,2
آسیدات,1
آسیم,1
آسیمن,2
آسیمه,2
اسین,2
آسیه,2
اشا,2
آشا,2
آشار,1
آشام,1
اشتاد,1
اشتار,2
آشتی,2
اشتیاق,2
اشجان,2
آشر,1
اشراق,1
اشرس,1
اشرف,2
اشکان,1
اشکبوس,1
اشکش,1
آشکین,1
اشنا,1
آشنا,2
آشناس,1
اشو,1
اشواق,2
اشوان,1
آشور,1
آشورینا,2
آشوک,1
آشیان,2
اشیر,1
آشینا,1
اصغر,1
آصف,1
آصفه,2
اصلان,1
اَصلان,1
اصیل,1
اصیلا,2
اطرا,2
اطلس,2
اطلسی,2
اطهر,2
اطهره,2
آطوسا,2
اظهر,1
اعتبار,1
اعتصام,1
اعتماد,1
اعجاز,1
اعراف,2
اعظم,2
اعلا,1
اعلی,1
آغابانو,2
آغاجان,1
آغار,1
آغامیر,1
آغایار,1
اغریرث,1
آغنده,1
آغوش,2
آفاق,2
آفتاب,2
آفتاب دخت,2
افتخار,2
افتخارالدین,1
افخم,1
افرا,2
افراح,2
افراخته,2
افراز,2
افراسیاب,1
افراشته,2
افران,1
آفرت,2
افرند,2
آفرنگ,2
افروخته,2
افرود,1
افروز,2
افروزان,2
افروزه,2
افروشه,2
افروغ,2
افری,2
آفریده,2
افریدون,1
آفرین,2
آفرین ماه,2
آفرین مهر,2
آفرین ناز,2
آفرین نوش,2
افرینا,2
آفرینش,2
افسانه,2
افسر,2
افسرخاتون,2
افسردخت,2
افسون,2
افشار,1
افشان,2
آفشید,2
افشین,1
افصح,1
افضل,1
افضل الدین,1
افق,2
افلاطون,1
افنان,2
آق بانو,2
آق گل,2
اقاقیا,2
اقبال,1
اقدس,2
اقدم,1
اقلیما,2
اقلیمیا,2
آکاشا,2
آکام,1
آکای,1
اکبر,1
اکتای,1
اُکتای,1
اکدش,1
اکرام,2
اکرم,2
اکسیر,2
اکلیا,1
اکو,1
آکو,1
اکوان,1
آگاس,1
آگاه,1
آگاه دخت,2
آگرین,2
ال آی,2
ال ایستین,1
آلا,2
آلاء,2
آلاتان,1
آلار,2
الارا,2
الارز,2
الاروس,1
آلاز,1
آلاگل,2
آلاله,2
آلان,1
الانا,2
الاهه,2
آلاوه,2
الای,2
آلب,1
آلب ارسلان,1
آلب تکین,1
البتگین,1
آلبرت,1
البرز,1
آلپ,1
آلپ ارسلان,1
آلپ تکین,1
آلپار,1
آلپای,1
آلپر,1
آلپمان,1
آلتای,1
التجا,2
التفات,1
آلتنای,2
آلتون,2
آلتونتاش,1
التیام,2
آلتین,2
آلتین آی,2
آلتین گلین,2
الچین,1
الحان,2
الدنیز,1
الدوز,2
اُلدوز,1
الزا,2
السا,2
السان,2
السانا,2
السای,2
الشاد,2
الشن,1
اِلشن,1
الفت,2
آلقان,1
آلقین,1
الکا,2
الکوس,1
الگا,2
آلگون,2
اللهیار,1
آلما,2
آلماز,2
الماس,2
آلماگل,1
المیرا,2
المیس,2
المینا,2
الن,2
النا,2
الناز,2
آلنام,2
آلند,2
آلندا,2
النور,1
آلنوش,2
الها,2
الهام,2
الهه,2
الهه ناز,2
الوا,2
الوان,2
آلوگونه,2
الوند,1
الویرا,2
الوین,1
آلوینا,2
الیا,1
الیا,2
آلیا,1
الیاد,1
الیار,1
الیاس,1
الیاسین,1
الیان,1
الیانا,2
الیتا,2
الیز,2
الیزا,2
الیزابت,2
الیزه,2
آلیس,2
الیسا,2
الیستر,2
آلیش,2
آلیشا,2
آلیشان,2
الیکا,2
الیما,2
الین,2
آلین,2
الینا,2
آلینا,2
ام البنین,2
ام سلمه,2
ام فروه,2
ام کلثوم,2
آماتیس,2
آمال,2
امان,1
آمانج,2
اماندا,2
آماندا,1
آماندا,2
آماندانا,2
امانه,2
آمتیس,2
امجد,1
امرالله,1
آمستریدا,2
آمستریس,2
امل,2
آمن,1
آمنا,2
آمنه,2
آمنید,1
آمیار,1
آمیتریس,2
آمیتیدا,2
امیتیس,2
آمیتیس,2
امید,1
امید محمد,1
امیدبخش,1
امیدحسین,1
امیدرضا,1
امیدعلی,1
امیدمهدی,1
امیده,2
امیدوار,1
امیر,1
امیر اسحاق,1
امیر حافظ,1
امیر داوود,1
امیر شایان,1
امیر علی,1
امیر هانی,1
امیر هوراد,1
امیرا,2
امیرابراهیم,1
امیرابوالفضل,1
امیراتابک,1
امیراحتشام,1
امیراحسان,1
امیراحمد,1
امیرآراد,1
امیرآرتا,1
امیراردلان,1
امیراردوان,1
امیرارسام,1
امیرارسلان,1
امیرآرش,1
امیرارشا,1
امیرآرشام,1
امیرارشان,1
امیرارشد,1
امیرارشیا,1
امیرآرمن,1
امیرآرمین,1
امیرآریا,1
امیرآریان,1
امیراسعد,1
امیراسماعیل,1
امیراشکان,1
امیراصلان,1
امیراعلا,1
امیرافراز,1
امیرافشین,1
امیراقبال,1
امیراکبر,1
امیرالدین,1
امیران,1
امیرایوب,1
امیرآیین,1
امیربابک,1
امیرباربد,1
امیرباقر,1
امیربردیا,1
امیربرنا,1
امیربهادر,1
امیربهامین,1
امیربهتاش,1
امیربهراد,1
امیربهرام,1
امیربهزاد,1
امیربهمن,1
امیربهنود,1
امیرپارسا,1
امیرپاشا,1
امیرپدرام,1
امیرپرهام,1
امیرپوریا,1
امیرپویا,1
امیرپویان,1
امیرتارخ,1
امیرتوهان,1
امیرثامن,1
امیرجاوید,1
امیرجعفر,1
امیرجهاد,1
امیرجواد,1
امیرحافظ,1
امیرحامد,1
امیرحامی,1
امیرحجت,1
امیرحسام,1
امیرحسام الدین,1
امیرحسان,1
امیرحسن,1
امیرحسین,1
امیرحشمت,1
امیرحمزه,1
امیرحیان,1
امیرحیدر,1
امیرخسرو,1
امیرخشایار,1
امیردارا,1
امیردانش,1
امیردخت,2
امیرذوالفقار,1
امیرراد,1
امیررادین,1
امیررحمت,1
امیررسا,1
امیررسام,1
امیررسول,1
امیررشید,1
امیررضا,1
امیررهام,1
امیرساسان,1
امیرسالار,1
امیرسام,1
امیرسامان,1
امیرسبحان,1
امیرسپهر,1
امیرستار,1
امیرسجاد,1
امیرسراج,1
امیرسرمد,1
امیرسعدی,1
امیرسعید,1
امیرسلیمان,1
امیرسهیل,1
امیرسیاوش,1
امیرسینا,1
امیرشایان,1
امیرشریف,1
امیرشکور,1
امیرشمس الدین,1
امیرشهاب,1
امیرشهریار,1
امیرصابر,1
امیرصادق,1
امیرصالح,1
امیرصدرا,1
امیرصدرالدین,1
امیرصیام,1
امیرضیاءالدین,1
امیرطارق,1
امیرطاها,1
امیرطاهر,1
امیرعابد,1
امیرعادل,1
امیرعارف,1
امیرعباس,1
امیرعبدالله,1
امیرعدنان,1
امیرعرشیا,1
امیرعرفان,1
امیرعطا,1
امیرعظیم,1
امیرعلا,1
امیرعلی,1
امیرعماد,1
امیرفاضل,1
امیرفخر,1
امیرفراز,1
امیرفرامرز,1
امیرفربد,1
امیرفرحان,1
امیرفرداد,1
امیرفرزام,1
امیرفرزین,1
امیرفرشاد,1
امیرفرشید,1
امیرفرنام,1
امیرفرهام,1
امیرفرهنگ,1
امیرفضل الله,1
امیرفواد,1
امیرفیاض,1
امیرقادر,1
امیرقاسم,1
امیرکارن,1
امیرکاظم,1
امیرکامیار,1
امیرکاوه,1
امیرکرار,1
امیرکسرا,1
امیرکنعان,1
امیرکوروش,1
امیرکوشا,1
امیرکوشان,1
امیرکیا,1
امیرکیارش,1
امیرکیان,1
امیرکیانوش,1
امیرکیهان,1
امیرکیوان,1
امیرماکان,1
امیرماهان,1
امیرمتین,1
امیرمجتبی,1
امیرمجید,1
امیرمحتشم,1
امیرمحراب,1
امیرمحسن,1
امیرمحمد,1
امیرمحمود,1
امیرمختار,1
امیرمرتضی,1
امیرمردان,1
امیرمرصاد,1
امیرمسعود,1
امیرمسلم,1
امیرمشهود,1
امیرمصطفی,1
امیرمظفر,1
امیرمعز,1
امیرمعین,1
امیرمنصور,1
امیرمهبد,1
امیرمهدی,1
امیرمهدیار,1
امیرمهراد,1
امیرمهراس,1
امیرمهرداد,1
امیرمهرگان,1
امیرمهیار,1
امیرمومن,1
امیرمیعاد,1
امیرمیکائیل,1
امیرناصر,1
امیرنظام,1
امیرنیکان,1
امیرنیما,1
امیره,2
امیرهاتف,1
امیرهادی,1
امیرهاشم,1
امیرهدایت,1
امیرهمایون,1
امیرهمت,1
امیرهوشنگ,1
امیرهوشیار,1
امیرهومان,1
امیرهومن,1
امیروالا,1
امیروحید,1
امیروصال,1
امیروفا,1
امیروهاب,1
امیریارا,1
امیریاسین,1
امیریحیی,1
امیریدالله,1
امیریزدان,1
امیریعقوب,1
امیریل,1
امیریوسف,1
امیسا,2
امیل,2
امیله,2
امیلیا,2
امیمه,2
امین,1
آمین,1
امین ابراهیم,1
امین احمد,1
امین الدین,1
امین الله,1
امین پارسا,1
امین پاشا,1
امین حسین,1
امین رحمان,1
امین رضا,1
امین سالار,1
امین سجاد,1
امین صدرا,1
امین طاها,1
امین عباس,1
امین عطا,1
امین علی,1
امین محمد,1
امین مهدی,1
امینا,2
امینه,2
آنا,2
آنابیتا,2
آناتا,2
آناتای,2
آنادل,2
انار,2
آنار,1
انارام,2
انارگل,2
آناشید,2
آناگ,1
آنالی,2
آنام,1
آنامهر,2
آناناز,2
آناهل,2
آناهیت,2
آناهیتا,2
آناهید,2
آنایاش,2
آنائل,2
انتصار,2
انتظار,1
آنجلا,2
اندرز,1
اندریمان,1
اندمان,1
آندیا,2
اندیان,1
اندیش,1
اندیشه,2
آنسه,2
انسی,2
انسیه,2
انشان,1
انصار,1
انفال,2
انگیزه,2
آنلار,1
آنلی,2
انهار,2
آنو,2
انور,1
انوش,1
آنوش,1
انوشا,2
آنوشا,2
انوشتکین,1
انوشروان,1
انوشک,2
انوشکا,2
انوشه,2
آنوشه,1
انوشیروان,1
آنوهه,2
آنی,2
آنیا,2
آنیت,1
آنیتا,2
آنید,2
آنیدا,2
انیژ,2
انیس,2
آنیس,2
انیسا,2
آنیسا,2
انیسه,2
انیسون,2
آنیشا,2
آنیک,1
آنیکا,2
آنیل,1
آنیل,2
آنیلا,2
آنیلار,2
انیم,1
آنیما,2
آنیه,2
اهدا,2
اهرن,1
آهنگ,2
اهنوس,2
آهو,2
آهودخت,2
اهورا,1
اهوراداد,1
اهورامزد,1
آهید,2
آهیر,1
آهیل,1
آوا,2
آوات,1
آوادان,2
آوادخت,2
آوادیس,2
آواز,2
آوازه,2
اوان,1
آوان,2
آوانا,2
آواناز,2
آوانوش,2
اوتانا,2
اوچار,1
اوحد,1
اوخان,1
اوختای,1
اوراز,1
اوراش,1
اورامان,1
اورامن,1
اورانوس,2
اورخان,1
اورداد,1
اورمان,1
اورمزد,1
اورمزدیار,1
اورند,1
اورنگ,1
اورنینا,2
اورهان,1
اوریا,1
آورین,2
اورینا,2
اوزان,1
اوژن,1
اوستا,1
اَوستا,1
آوش,1
اوشهنگ,1
اوکتای,1
آوگان,1
اولاد,1
اولجایتو,1
اولدوز,2
اولین,2
اونای,1
آوند,1
آونگ,2
اونیک,1
آوه,1
اویان,1
اویتا,2
آوید,2
آویده,2
آویر,1
آویز,2
آویژه,2
اویس,1
آویسا,2
آویشا,2
آویشار,1
آویشن,2
اوین,2
آوین,2
آوینا,2
اوینار,2
آی آنا,2
آی بک,1
آی پری,2
آی میرا,2
آیات,2
آیاتای,2
آیاز,1
آیاش,1
آیان,1
ایبک,1
آیپارا,2
ایپک,2
آیت,1
ایتا,2
آیتا,2
آیتاش,2
آیتان,2
آیتای,2
آیتغمش,1
آیتک,2
آیتکین,1
آیتکین,2
آیتن,2
ایتوک,2
آیتونا,1
آیتین,2
ایثار,2
آیجان,2
آیحان,1
آیخان,1
ایدا,2
آیدا,2
آیدان,2
آیدانا,2
آیدک,2
آیدل,2
آیدن,1
آیدنگ,2
ایده,2
ایدون,1
آیدیس,2
آیدین,1
آیدینا,2
آیرا,2
ایراث,1
آیراد,1
آیرال,2
ایران,2
ایران دخت,2
ایران مهر,2
ایرانا,2
آیرانا,2
ایرانشید,2
ایرانه,2
ایرانیار,1
ایرتا,1
ایرج,1
آیرخ,2
ایرسا,2
ایرما,2
ایرمان,1
ایرن,2
آیریا,2
آیریانا,2
ایریس,2
آیریس,2
آیریک,1
آیرین,2
آیزا,2
ایزابل,2
ایزابلا,2
ایزدبخش,1
ایزدبد,1
ایزدچهر,2
ایزدداد,1
ایزدراد,1
ایزدگشسب,1
ایزدمهر,1
ایزدوند,1
ایزدیار,1
آیسا,2
آیسان,2
آیسانا,2
آیسل,2
آیسن,2
آیسو,2
آیسودا,2
آیسوده,2
آیسون,2
آیسونا,2
آیسین,2
ایشا,1
آیشا,2
ایشاع,2
ایشتار,2
آیشن,2
آیشید,2
آیشیل,2
آیشین,2
آیفر,2
ایقان,1
آیقین,1
آیکال,1
آیکان,1
آیگل,2
آیگین,2
ایل آنا,2
ایل آی,2
ایل لار,2
ایل ماه,2
ایل نور,2
ایلا,2
آیلا,2
آیلار,2
ایلاف,2
آیلان,2
ایلانا,2
ائل‌آی,2
ایلایدا,2
ایلپیا,1
ایلتای,1
ایلحان,1
ایلدا,2
ایلدرم,1
ایلدنیز,1
ایلدیر,2
آیلر,2
ایلرای,1
ایلسا,2
ایلسانا,2
ایلشاد,1
ایلشن,1
ایلشَن,1
ایلقار,1
ایلکان,1
ایلکای,2
ایلکین,1
ایلگار,1
آیلما,2
ایلماز,1
ایلمان,1
ائلمان,1
ایلنار,2
ایلناز,2
ایلهان,1
ایلوش,1
ائلوین,1
آیلی,2
ایلیا,1
ایلیاد,1
ایلیار,1
ایلیاز,1
ایلیان,1
ایلیانا,2
ایلیکا,2
آیلین,2
ایما,2
آیما,2
ایماز,1
ایمان,1
ایمانا,2
ایمانه,2
آیماه,2
ایمن,1
ایمنه,2
آینا,2
آینار,2
آیناز,2
ایناس,2
آینام,2
اینانا,2
آینه,2
آینور,2
آینوش,2
آیه,2
ایهاب,1
آیهان,1
ایوا,2
ایواز,2
ایوان,2
ایوب,1
آیید,2
آییژ,2
آییش,1
آئیل,1
آیین,1
آیینه,2
بابان,2
بابر,1
بابک,1
بابوس,2
بابوی,1
بابیک,1
بابیلان,2
باتیس,1
باتینک,2
باتینوک,2
باختر,2
بادان,1
بادر,2
بادرام,1
باذان,1
باراد,1
باراک,1
باران,2
بارانا,2
بارانک,2
بارانه,2
باربد,1
بارزان,1
بارسین,1
بارش,2
بارشین,1
بارقه,2
بارلی,2
بارمان,1
بارنک,2
بارنگ,2
باریا,1
باریتا,2
باریزان,2
باریسان,1
باریش,1
بارین,2
بازیار,1
بازیان,1
باژه,1
باستان,1
باستین,1
باستینگ,2
باسط,1
باسکار,2
باسل,1
باسم,1
باشار,1
باشن,2
باشوک,1
بافرین,2
باقر,1
باقیه,2
باگرو,1
باگه,1
بالان,2
بالنده,2
بالوی,1
بالویز,1
بالی,2
بالیده,2
بامداد,1
بامشاد,1
بامک,2
بامی,2
بامیک,2
بامیکا,2
بامین,2
بانری,2
بانگ,1
بانل,2
بانو,2
بانورام,2
بانوکا,2
بانوگشسب,2
بانیپال,1
بانیه,2
باهر,1
باهره,2
باهک,1
باوان,2
باور,1
باوند,1
باوین,2
بایا,1
بایار,1
بایام,1
بایخ,2
بایرام,1
بایرامعلی,1
بایزید,1
بایسته,2
بتسابه,2
بتول,2
بتیا,2
بتیس,1
بتیسا,2
بتین,2
بثینه,2
بحیرا,1
بخت آفرید,2
بختاور,1
بختوان,2
بختور,2
بختیار,1
بخشا,1
بخشایش,1
بخشنده,2
بخشین,2
بدخشان,2
بدرالجمال,2
بدرالزمان,2
بدرالملوک,2
بدرام,1
بدری,2
بدریه,2
بدیع,1
بدیع الزمان,1
بدیعه,2
برات,1
براخاس,1
براخاص,1
برادوست,1
براز,1
برازا,2
برازان,1
برازک,2
برازمان,1
برازنده,1
برام,1
برانوش,1
براهام,1
برایکا,1
برتن,1
برته,1
برچاو,1
بردان,1
بردبار,1
بردیا,1
بَردیا,1
بردیس,1
بردین,1
برزآذر,1
برزآفرید,2
برزام,1
برزان,1
برزفر,1
برزفری,1
برزما,1
برزمند,1
برزمهر,1
برزو,1
برزویه,1
برزین,1
بَرزین,1
برزین مهر,1
برژنگ,2
برسا,1
برسابا,1
برسام,1
بَرسام,1
برسان,1
برساوش,1
برسین,2
برشام,1
برشنا,2
برشید,2
برفا,2
برفی,2
برفین,2
برقه,2
برکان,1
برکاو,1
برکای,2
برکت,1
برکه,2
برکیارق,1
برگین,2
برلیان,2
برمک,1
برنا,1
بُرنا,1
برنادت,2
برنادخت,2
برهان,1
برهان الدین,1
برهون,2
بروا,1
بروسکه,2
برومند,1
بریار,1
بریتان,2
برید (برُيد),1
برید (بَريد),1
بریدخت,2
بریر,1
برین,2
بریندار,1
بریوان,2
بزرگ,1
بزرگمهر,1
بژدار,2
بژن,2
بژنا,2
بژوار,1
بژوین,2
بژین,2
بژیو,2
بسام,1
بسامه,2
بستام,1
بستانه,2
بستور,1
بسمه,2
بسنده,2
بسیم,1
بشار,1
بشارت,2
بشتار,1
بشدار,2
بشر,1
بشرا,2
بشری,2
بشوتن,1
بشیر,1
بَشیر,1
بصیر,1
بصیرا,2
بصیرت,2
بعثت,2
بغرا,1
بفران,2
بفرین,2
بقا,1
بکتاش,1
بَکتاش,1
بگاش,1
بلار,2
بلاش,1
بلاشان,1
بلال,1
بلباس,1
بلقیا,2
بلقیس,2
بلکا,2
بلنجه,2
بلور,2
بلوران,2
بلورین,2
بلوط,2
بلیان,1
بلین,2
بمانی,2
بن سان,1
بناز,2
بنان,1
بناوان,2
بنت الحسنی,2
بنت الهدی,2
بنتا,2
بندوی,1
بنسان,1
بنفشه,2
بنهور,1
بنوشه,2
بنیا,2
بنیام,1
بنیامین,1
بنیان,1
بنیتا,2
بنین,2
به آذین,2
به آفرید,2
به آفرین,2
به آئین,1
به ثنا,2
به خاتون,2
به دین,1
به ستا,2
به گل,2
بها,1
بهاءالدین,1
بهادر,1
بهار,2
بهار زهرا,2
بهار فاطمه,2
بهار ناز,2
بهارا,2
بهارآفرین,2
بهارام,2
بهاران,2
بهاردخت,2
بهاررخ,2
بهارسا,2
بهارک,2
بهارگل,2
بهارناز,2
بهاره,2
بهارین,2
بهامد,1
بهامین,1
بهان,2
بهان دخت,2
بهانه,2
بهاور,1
بهاوند,1
بهبد,1
بهبود,1
بهپور,1
بهتا,2
بهتاب,2
بهتاش,1
بِهتاش,1
بهتام,1
بهترین,2
بهتیس,1
بهتین,1
بهجت,2
بهداد,1
بِهداد,1
بهدخت,2
بهدوست,1
بهدیس,2
بهدین,1
بهراد,1
بِهراد,1
بهراز,1
بهرام,1
بهرامعلی,1
بهرامن,1
بهرامه,2
بهرانه,2
بهرخ,2
بهرخسار,2
بهرمان,1
بهرنگ,1
بهره مند,1
بهره ور,1
بهرو,2
بهروان,1
بهرود,1
بهروز,1
بهروزان,1
بهروزه,2
بهزاد,1
بهزادان,1
بهسا,2
بهسام,2
بهسان,2
بهستان,2
بهستون,1
بهسود,1
بهسودان,1
بهشاد,1
بهشت,2
بهشته,2
بهشید,2
بهفام,1
بهفر,1
بهک,1
بهکام,1
بهکامه,2
بهلول,1
بهمن,1
بهمن داد,1
بهمن زاد,1
بهمنش,1
بهمنیار,1
بهناد,1
بهناز,2
بهنام,1
بهنواز,2
بهنود,1
بِهنود,1
بهنورا,2
بهنوش,2
بهنیا,1
بِهنیا,1
بهوران,1
بهوند,1
بهی,2
بهیاد,1
بهیان,1
بهیدخت,2
بهیره,2
بهیز,1
بهین,2
بهین دخت,2
بهین مهر,1
بهینا,2
بِهینا,1
بهینه,2
بهیه,2
بوبار,1
بوتمان,2
بوراب,1
بوراک,1
بورژک,1
بورژین,1
بورلا,2
بورمند,1
بوژان,1
بوژانه,2
بوژنه,2
بوستان,2
بوستانه,2
بوسه,2
بوکان,2
بوکبویانی,2
بونخوش,2
بوندار,2
بویار,1
بوین,2
بویه,2
بیارش,1
بیان,2
بیان الله,1
بیتا,2
بیتادخت,2
بیتاوان,1
بیتک,1
بیدا,2
بیدار,1
بیدخت,2
بیدگل,2
بیدل,1
بیدمشک,2
بیرام,1
بیرسن,2
بیرشاد,1
بیرگا,1
بیرور,1
بیریوان,2
بیژن,1
بیژه,2
بیسان,2
بیستان,2
بیستون,1
بیسو,2
بیشو,2
بیکن,2
بیگرد,2
بیگم,2
بینا,2
بینادخت,2
بینش,1
بینظیر,2
بینیار,2
بیورد,1
بیورزاد,1
بیوی,2
پاپریک,1
پاپک,1
پاپل,2
پاپوک,2
پاتیرا,1
پادار,1
پادرا,1
پادمیرا,2
پادنا,2
پادیان,1
پادینا,2
پارامیدا,2
پارتیا,1
پاردیس,2
پاردیک,1
پارس,1
پارسا,1
پارسادخت,2
پارساکیا,1
پارسامهر,1
پارسان,1
پارسانا,2
پارسه,2
پارسوا,1
پارسی,2
پارسیا,1
پارسیس,1
پارسیکا,1
پارسین,1
پارسینا,1
پارلا,1
پارلا,2
پارلار,2
پارمیدا,2
پارمیس,2
پارمیسا,2
پارمین,2
پارنا,2
پارند,2
پاساد,1
پاساک,1
پاسیار,1
پاشا,1
پاک سیما,2
پاک شید,2
پاک فروغ,2
پاک مهر,1
پاکان,1
پاکباز,1
پاکداد,1
پاکدخت,2
پاکدل,1
پاکدین,2
پاکر,1
پاکراد,1
پاکرای,1
پاکرو,1
پاکسار,1
پاکشاد,2
پاکناز,2
پاکنام,1
پاکنوش,2
پاکیار,1
پالیز,2
پامچال,2
پامیر,1
پانا,2
پانته آ,2
پانتی,2
پاندورا,2
پانی,2
پانیا,2
پانید,2
پانیدا,2
پانیذ,2
پانیسا,2
پانیک,2
پاو,1
پاوان,1
پایا,1
پایار,1
پایدار,1
پایور,1
پایون,2
پاییز,2
پاییزان,2
پدرام,1
پدیدار,1
پدیده,2
پذیره,2
پرارین,2
پرارین دخت,2
پربها,2
پرتام,1
پرتو,2
پرداد,1
پردخت,2
پردیس,2
پردیکا,2
پرزاد,2
پرزین,2
پرژان,2
پرژین,2
پرسا,2
پرسام,1
پرسان,2
پرستا,2
پرستش,2
پرستک,2
پرسته,2
پرستو,2
پرستوک,2
پرسون,2
پرسیا,2
پرسیان,2
پرسیانا,2
پرسیس,1
پرسیکا,1
پرسین,2
پرشاد,2
پرشان,1
پَرشان,1
پرشنگ,2
پرشیا,1
پرشیان,2
پرشیانا,2
پرشین,1
پرک,2
پرگام,2
پرگشا,2
پرگل,2
پرگون,2
پرلا,2
پرمان,1
پرمایه,1
پرمودیه,1
پرمون,2
پرمیس,2
پرن,2
پرنا,2
پرناز,2
پرناک,2
پرنچهر,2
پرند,2
پرندخت,2
پرندوش,2
پرندیس,2
پرندین,2
پرنسا,2
پرنگ,2
پرنوش,2
پرنون,2
پرنیا,2
پرنیان,2
پرنیانه,2
پرنیکا,2
پرنین,2
پرهام,1
پَرهام,1
پرهان,1
پرهون,2
پروا,2
پرواز,2
پروانه,2
پروچستا,2
پرور,2
پروش,2
پروشا,2
پروشات,2
پروشه,2
پرویز,1
پروین,2
پروین دخت,2
پروین رخ,2
پری,2
پری پیکر,2
پریا,2
پریار,2
پریاس,2
پریام,1
پریان,2
پریچهر,2
پریچهره,2
پریدخت,2
پریرخ,2
پریرخسار,2
پریرو,2
پریزاد,2
پریزاده,2
پریژه,2
پریس,1
پریسا,2
پریسان,2
پریسکا,2
پریسیما,2
پریشا,2
پریشاد,2
پریفام,2
پریفر,2
پریکا,2
پریگل,2
پریماه,2
پریمهر,2
پرین,2
پرینا,2
پریناز,2
پرینام,2
پرینوش,2
پریهان,2
پریوار,2
پریور,2
پریوش,2
پریوه,2
پژال,2
پژمان,1
پژهان,2
پژواک,1
پژوتن,1
پژوهان,1
پژوهنده,2
پساک,1
پشتیسار,1
پشنگ,1
پشوتن,1
پشین,1
پطروس,1
پگامه,2
پگاه,2
پگاهان,2
پگین,1
پنام,1
پناه,2
پنبه,2
پنجعلی,1
پندار,1
پهلبد,1
پهلوان,1
پوپر,2
پوپک,2
پوپه,2
پودنه,2
پوران,2
پوران دخت,2
پوران رخ,2
پوران مهر,2
پوربه,1
پورچیستا,2
پورداد,1
پورسام,1
پورسینا,1
پورشا,1
پورشان,1
پورک,1
پورنا,1
پورنگ,1
پوریا,1
پوریار,1
پوریامهر,1
پوریامین,1
پوژن,1
پوشنگ,1
پولاد,1
پولادوند,1
پولک,2
پونا,2
پونه,2
پویا,1
پویان,1
پویراز,1
پویش,2
پویه,2
پوئین,1
پیام,1
پیچک,2
پیدرا,2
پیراسته,2
پیران,1
پیرایه,2
پیرمهر,1
پیروز,1
پیروزان,1
پیروزدخت,2
پیروزه,2
پیشرو,1
پیغام,1
پیکاسو,1
پیلتن,1
پیلسم,1
پیما,1
پیمان,1
پیمانه,2
پینار,2
پیوند,2
تابا,2
تابال,1
تابان,2
تابان چهر,2
تابان دخت,2
تابان گل,2
تابان مهر,1
تابش,1
تابناک,2
تابنده,2
تابیتا,2
تاپیک,2
تاتیانا,2
تاج,2
تاج الدین,1
تاج الزمان,2
تاجیه,2
تاچارا,2
تارا,2
تارادخت,2
تارادیس,2
تاراز,1
تارامهر,2
تاران,2
تارخ,1
تارک,1
تارلا,2
تارمیتا,2
تاشا,2
تاشکین,1
تاشین,1
تافته,2
تافگه,1
تاکدخت,2
تالای,1
تالیا,2
تالین,2
تامارا,2
تامای,2
تامر,1
تامیار,1
تامیلا,2
تامیما,2
تانای,2
تانریا,1
تانریلا,2
تانسو,2
تانیا,2
تانیش,1
تانیل,1
تاویار,1
تایان,2
تائب,1
تایسز,2
تایلان,2
تایماز,1
تایماه,2
تاینور,1
تباک,1
تبتل,1
تبرک,2
تبسم,2
تجلی,1
تحسین,1
تحفه,2
تخار,1
تخشا,1
تخواره,1
تداعی,2
تدین,1
تراب,1
ترانه,2
ترخان,1
ترسا,1
ترکان,2
ترگل,2
ترلان,2
ترمه,2
ترنج,2
ترنگ,2
ترنم,2
ترنه,2
ترنیان,2
تروسکه,2
تروند,2
تریتا,1
تریتی,2
تژاو,1
تسکین,2
تسلا,2
تسنیم,2
تقدیر,2
تقوا,2
تقی,1
تکاور,1
تکتا,2
تکتم,2
تکذبان,2
تکش,1
تکین,1
تگین,1
تلاطم,2
تلاونگ,2
تلکا,2
تلم,1
تلما,2
تلناز,2
تلی,2
تلیمان,1
تلین,2
تمنا,2
تمیم,1
تناز,2
تندر,2
تندیس,2
تنوتاس,1
تنی,2
تهانی,2
تهماسب,1
تهمان,1
تهمتن,1
تهمورث,1
تهمورس,1
تهمین,1
تهمین دخت,2
تهمینه,2
توار,2
توان,1
توان دخت,2
توانا,1
توتک,2
توتیا,2
توحید,1
توحیدا,2
توراکینا,2
تورال,1
توران,2
توران دخت,2
تورج,1
تورک,1
تورکای,2
تورنگ,2
توس,1
توسا,2
توسکا,2
توسن,1
توشار,1
توشیار,1
توفان,1
توفیق,1
توکا,2
توکان,1
توکل,1
تولا,1
توما,1
توماج,1
توماژ,1
تونیا,2
توهان,1
تووشیار,2
تیا,2
تیادا,2
تیارا,2
تیارام,2
تیام,1
تیام,2
تیاما,2
تیامهر,2
تیامو,1
تیامیس,2
تیامین,1
تیانا,2
تیاناز,2
تیبا,2
تیدا,2
تیدآ,2
تیده آ,2
تیرا,2
تیراژه,2
تیران,1
تیربد,1
تیرداد,1
تیرش,1
تیرگان,1
تیروژ,2
تیریژ,1
تیسا,2
تیساگل,2
تیسان,2
تیساناز,2
تیشکو,1
تیفانی,1
تیکا,2
تیکال,2
تیگران,1
تیلاو,1
تیلکو,1
تیما,2
تیماس,1
تیمور,1
تیمورتاش,1
تینا,2
تیناب,2
تینو,1
تینوش,2
تیهو,2
تیوا,2
تیوان,1
تیوانا,2
ثابته,2
ثارالله,1
ثاقب,1
ثامر,1
ثامن,1
ثانیه,2
ثروت,2
ثریا,2
ثمانه,2
ثمر,2
ثمره,2
ثمن,2
ثمیلا,2
ثمیله,2
ثمین,2
ثمینا,2
ثمینه,2
ثنا,2
ثناءالله,1
ثناگو,2
ثنایا,2
ثوبان,1
ثویبه,1
جابان,1
جابر,1
جاثیه,1
جادی,1
جارالل,1
جاریه,2
جاستین,1
جاسم,1
جاسمین,2
جالینوس,1
جاماس,1
جاماسب,1
جامی,1
جان آرا,2
جان آرام,2
جان افروز,2
جان افزا,1
جان پرور,1
جان فروز,2
جان نواز,2
جانا,2
جانان,2
جانانه,2
جانبانو,2
جانبخش,1
جانتاب,2
جاندخت,2
جاندل,1
جانسو,2
جانک,2
جانلی,1
جانمهر,1
جانوشیار,1
جانی,1
جانيار,1
جانیار,1
جاهد,1
جاهده,2
جاودان,1
جاودانه,2
جاويد,1
جاوید,1
جاویدان,1
جاویدحسین,1
جبار,1
جبرائیل,1
جبریل,1
جرجیس,1
جریر,1
جریره,2
جستان,1
جسیکا,2
جعفر,1
جعفرصادق,1
جلال,1
جلال الدین,1
جلاله,2
جلایر,1
جلوه,2
جلیل,1
جلیل الدین,1
جلیله,2
جمال,1
جمال الدین,1
جمانه,2
جمدخت,2
جمزاد,1
جمشاد,1
جمشید,1
جمیل,1
جمیلا,2
جمیله,2
جنات,2
جناده,1
جنان,2
جنت,2
جندل,1
جنید,1
جهاد,1
جهان,2
جهان آرا,2
جهان آفرین,2
جهان بخت,1
جهان بخش,1
جهان بین,1
جهان تاب,2
جهان جو,1
جهان دخت,2
جهان ماه,2
جهان ناز,2
جهانبان,1
جهانتاب,2
جهاندار,1
جهانرخ,2
جهانشاد,1
جهانشید,1
جهانشیر,1
جهانفر,1
جهانگرد,1
جهانگشای,1
جهانگیر,1
جهانور,1
جهانیار,1
جهن,1
جواد,1
جوادرضا,1
جوان,1
جوآنا,2
جوانشیر,1
جوانمرد,1
جوانه,2
جوانوی,1
جواهر,2
جودت,2
جوشن,1
جوفیل,2
جوهر,2
جويا,1
جویا,1
جويان,1
جویان,1
جیحون,1
جیدا,2
جیران,2
جیلا,2
جیلان,2
جیهان,2
چابک,1
چاره,2
چاکان,1
چالاک,1
چامه,2
چاوان,2
چاولان,1
چاوه,1
چاووش,1
چاویار,1
چرمه,2
چرو,2
چشمان,2
چشمه,2
چکاد,1
چکامه,2
چکاوک,2
چکاوه,2
چلچله,2
چلیپا,2
چمان,2
چمانه,2
چمران,1
چمن,2
چمن چهر,2
چمن رخ,2
چمن ناز,2
چنگش,1
چنگیز,1
چنور,2
چهراب,2
چهرآذر,1
چهرآذر,2
چهرآرا,2
چهراز,2
چهرافروز,2
چهربرزین,1
چهرزاد,2
چهرفروز,2
چهرک,2
چهرمینو,2
چهره,2
چهره آسا,2
چوبینه,1
چوک,2
چیا,2
چیاکو,1
چیاوا,1
چیاوان,2
چیترا,2
چیچک,2
چیدا,2
چیدامه,2
چیره,1
چیستا,2
چیکا,2
چیلک,2
چیماه,2
چیمه,2
حاتم,1
حاتمه,2
حاجات,1
حادید,1
حاذق,1
حارث,1
حارثه,2
حارس,1
حازم,1
حاصل,1
حافظ,1
حامد,1
حامدحسین,1
حامد-رضا,1
حامده,2
حامی,1
حامیم,1
حامین,1
حانا,2
حانان,1
حانان,2
حانون,1
حانیه,2
حبان,1
حبه,2
حبیب,1
حبیب الله,1
حبیبه,2
حجت,1
حجت الله,1
حدیث,2
حدیثا,2
حدیثه,2
حدیر,1
حدیقه,2
حر,1
حرمت,2
حره,2
حریر,2
حریرگل,2
حریف,1
حریه,2
حسام,1
حِسام,1
حسام الدین,1
حسام الله,1
حسام رضا,1
حسان,1
حِسان,1
حسانه,2
حسن,1
حسن رضا,1
حسنا زهرا,2
حسنعلی,1
حسنه,2
حسنی (حسنا),2
حسنیه,2
حسون,1
حسیب,1
حسیبا,2
حسیبه,2
حسین,1
حسین رضا,1
حسین سالار,1
حسین طاها,1
حسین فربد,1
حسین مهدی,1
حسینا,1
حسینعلی,1
حسینیه,2
حشمت,2
حشمت الله,1
حصان,2
حصفه,2
حصنا,2
حصیل,1
حصین,1
حفصه,2
حفیظ,1
حفیظ الله,1
حفیظه,2
حکمت,1
حکیم,1
حکیمه,2
حلاوت,2
حلما,2
حلیا,2
حلیفه,2
حلیم,1
حلیمه,2
حلیه,2
حماد,1
حماس,1
حماسه,2
حمد,1
حمدالله,1
حمده,2
حمرا,2
حمراه,2
حمزه,1
حمود,1
حمید,1
حمید علی,1
حمیدالدین,1
حمیدالله,1
حمیدحسین,1
حمیدرضا,1
حمیدصالح,1
حمیده,2
حمیرا,2
حمیم,1
حنا,2
حنان,1
حنانه,2
حنظله,1
حنون,2
حنیسه,2
حنیف,1
حَنیف,1
حنیف رضا,1
حنیفا,2
حنیفه,2
حنین,1
حوا,2
حور,2
حورا,2
حوراسا,2
حورالجمال,2
حورالعین,2
حوراماه,2
حوراوش,2
حورجهان,2
حوردیس,2
حوررخ,2
حورزاد,2
حورسا,2
حورسان,2
حورناز,2
حوروش,2
حوری,2
حوریا,2
حوریسا,2
حوریه,2
حی,1
حیات,2
حیان,1
حیدر,1
حیدرعلی,1
حیفا,2
خابان,1
خاتم,1
خاتون,2
خاتونک,2
خارا,2
خاشعه,2
خاطرآسا,2
خاطرافروز,2
خاطرنواز,2
خاطره,2
خاقان,1
خالد,1
خالده,2
خالق,1
خانم گل,2
خاور,2
خاوین,1
خبیر,1
ختن,2
خجسته,2
خجسته لقا,2
خدابخش,1
خدابنده,1
خداداد,1
خدایار,1
خدیجه,2
خدیجه زهرا,2
خدیر,1
خدیو,1
خراد,1
خرام,2
خرامان,2
خرد,1
خرداد,1
خردادبه,1
خردمند,1
خردیار,1
خرسند,1
خرشا,2
خرم,1
خرم دخت,2
خرم دل,2
خرم شاد,1
خرمچهر,2
خرمشاد,1
خرمناز,2
خرمه,2
خروش,1
خروشان,1
خزال,2
خزان,2
خزر,2
خزرناز,2
خستو,1
خسرو,1
خسروپرویز,1
خسروداد,1
خسروزاد,1
خشاش,1
خشایار,1
خشایارشا,1
خشنود,1
خضر,1
خضرا,2
خطیب,1
خلف,1
خلود,2
خلیل,1
خلیل الرحمان,1
خلیل الله,1
خلیل محمد,1
خلیله,2
خنجست,1
خندان,1
خوارزم,1
خوب چهر,2
خوب رخ,2
خوب رو,2
خوبان,2
خوبیار,2
خوتکا,2
خورداد,1
خوردیس,2
خورزاد,1
خورشاد,1
خورشید,2
خورشیدرخ,2
خورشیدفر,2
خورشیدمهر,2
خوروش,2
خوزان,1
خوش چهره,2
خوش دل,2
خوش رو,2
خوش روز,1
خوش زاد,1
خوشاب,2
خوشابه,2
خوشچهر,1
خوشناز,2
خوشنام,2
خوشناو,1
خوشنوا,1
خوشنواز,1
خوشنود,1
خوشه,2
خوشیار,1
خوشین,2
خیام,1
خیرالله,1
خیرالنسا,2
خیزران,2
داتام,1
داتامیس,1
داتان,1
داتیس,1
دادار,1
دادآفرید,1
دادآفرین,1
دادآور,1
دادبخش,1
دادبه,1
دادبین,1
دادجو,1
دادران,1
دادفر,1
دادفروز,1
دادفرین,1
دادگر,1
دادلی,2
دادمهر,1
دادهرمز,1
دادور,1
دادیار,1
دارا,1
داراب,1
داران,1
دارگل,2
دارمان,1
دارنوش,1
دارنیا,2
داروین,1
داریا,1
داریادخت,2
داریان,1
داریاو,1
داریس,1
دارین,1
دارینا,2
دارینه,2
دارینوش,1
داریو,1
داریوش,1
داژو,1
داژیار,1
داشاب,1
داشاد,1
داعی,1
دالغا,2
دالیا,2
داماسپیا,2
داملا,2
دامور,1
دامون,1
دامونا,2
دامیار,1
دامینه,2
دانا,1
دانادخت,2
دانادل,1
داناک,2
دانامهر,1
دانژه,2
دانش,1
دانشور,1
داننده,1
دانوش,1
دانیا,2
دانیار,1
دانیال,1
داهیه,2
داو,1
داوار,1
داور,1
داوود,1
داوودرضا,1
داوید,1
داوین,1
دایا,1
دایار,2
دایان,1
دایان,2
دایانا,2
دایراک,2
دائمه,2
دخشید,2
درا,2
درآسا,2
درافشان,2
دربانو,2
دربها,2
درتا,2
درتاج,2
درثمین,2
درجان,2
درچیدا,2
درخشا,2
درخشان,2
درخشنده,2
دردانه,2
درریز,2
درزاد,2
درسا,2
درسان,2
درستی,2
درسین,2
درفام,2
درفش,1
درگل,2
درنا,2
درناز,2
درنیان,2
درنیکا,2
دره,2
دروار,2
درود,1
دریا,2
دریادخت,2
دریادل,1
دریادیس,2
دریاس,1
دریافرین,2
دریامهر,2
دریانا,2
دریاناز,2
دریانه,2
دریتا,2
دریس,2
درین,2
درینا,2
درینوش,2
دریه,2
دزیره,2
دژار,1
دژان,1
دسپینا,2
دستان,1
دشمه,1
دعا,2
دعبل,1
دل آذین,2
دل آرا,2
دل آرای,2
دل آسا,2
دل افروز,2
دل آگاه,2
دل انگیز,2
دل آویز,2
دلا,2
دلارام,2
دلاریس,2
دلال,1
دلان,2
دلانا,2
دلاوا,2
دلاور,1
دلاویژ,2
دلاوین,2
دلبان,2
دلبانو,2
دلبر,2
دلبرناز,2
دلبند,2
دلبهار,2
دلبیدار,2
دلبین,1
دلپاک,2
دلپذیر,2
دلپرور,2
دلجو,2
دلخوش,2
دلدار,2
دلرام,2
دلربا,2
دلربای,2
دلرخ,2
دلرفین,2
دلژین,2
دلسا,2
دلسان,2
دلستان,2
دلسو,2
دلشاد,2
دلشید,2
دلفروز,2
دلکش,2
دلگشا,2
دلگون,2
دلماه,2
دلناز,2
دلنشین,2
دلنواز,2
دلنوش,2
دلنیا,2
دلنیکا,2
دلهان,2
دلوار,2
دلوان,2
دلوفان,2
دلوین,2
دلیا,2
دلیاد,2
دلیار,2
دلیر,1
دلیلا,2
دلیله,2
دلین,2
دلینا,2
دماوند,1
دمور,1
دمیر,1
دنا,2
دنیا,2
دنیرا,2
دنیز,2
دها,1
دهقان,1
دهما,2
دهناد,1
دوریس,2
دوست دار,1
دوستار,1
دومان,1
دونا,2
دویغو,2
دیا,2
دیار,1
دیارا,2
دیاردخت,2
دیاری,2
دیاکو,1
دیان,1
دیانا,2
دیانوش,1
دیبا,2
دیباج,1
دیباچهر,2
دیبادخت,2
دیبارخ,2
دیدار,1
دیده,2
دیلا,2
دیلان,2
دیلک,2
دیما,2
دیماه,2
دیمن,1
دیمه,2
دین به,1
دینا,2
دینارگیس,2
دیناز,2
دیندار,1
دیندخت,2
دینه,2
دینور,1
دینوند,1
دینیاد,1
دینیار,1
دیهیم,1
ذاکر,1
ذاکره,2
ذبیح,1
ذبیح الله,1
ذریه,2
ذکا,1
ذکرالله,1
ذکری,1
ذکیه,2
ذلفا,2
ذهین,1
ذوالفقار,1
ذوالقدر,1
ذوالنور,1
ذوالنون,1
رابحه,2
رابر,1
رابعه,2
رابو,2
رابونا,1
رابیا,2
رابین,1
راپونزل,2
راتا,2
راتاناز,2
راتین,1
راتینا,2
راثین,1
راحل,2
راحله,2
راحم,1
راحمه,2
راحیل,2
راد,1
رادا,2
رادان,1
رادبد,1
رادبرزین,1
رادبه,1
راددخت,2
رادسام,1
رادف,1
رادفر,1
رادفرخ,1
رادمان,1
رادمرد,1
رادمن,1
رادمنش,1
رادمهر,1
رادمین,1
رادن,2
رادنوش,1
رادنیک,1
رادوین,1
رادیان,1
رادین,1
راز,2
رازان,2
رازانه,2
رازاوه,2
رازبین,1
رازدار,1
رازقی,2
رازک,2
رازمهر,1
رازمیک,1
رازی,1
رازیل,2
رازیما,2
رازین,2
راژان,1
راژانه,2
راژور,1
راژیس,2
راسان,1
راسپینا,2
راستین,1
راسخ,1
راسم,1
راسن,2
راسین,1
راشا,2
راشد,1
راشده,2
راشل,2
راشن,1
راشنو,2
راشین,2
راضی,1
راضیه,2
راغب,1
راغبه,2
راغده,2
رافائل,1
رافت,2
رافت الله,1
رافد,1
رافده,2
رافع,1
رافعه,2
رافونه,2
راکان,1
راکع,1
راکعه,2
رام,1
رام بهشت,2
راما,2
رامان,1
رامبد,1
رامتن,1
رامتین,1
رامتینا,2
رامح,1
رامدخت,2
رامسین,1
رامسینا,2
رامش,2
رامش دخت,2
رامشاد,1
رامشین,2
رامفر,1
رامک,1
رامند,1
رامه,2
رامون,1
رامونا,2
رامی,1
رامیا,2
رامیاد,1
رامیار,1
رامیسا,2
رامیلا,2
رامین,1
رامین دخت,2
رامینا,2
رامینه,2
رانا,2
رانیا,2
رانیه,2
راهبر,1
راهبه,2
راهین,2
راوش,1
راوک,2
راوی,1
راویز,1
راویژ,1
راویس,2
راوین,1
راویه,2
رایا,1
رایا,2
رایان,1
رایان,2
رایبد,1
رایحه,2
رایسا,2
رائف,1
رایکا,1
رایمن,1
رایمند,1
رایمون,1
رایموند,1
راینا,2
راینیک,1
رائیک,1
راییکا,2
رائیکا,2
رایین,1
رائین,1
رباب,2
ربابه,2
ربکا,2
ربیع,1
ربیعه,2
ربین,1
رتاج,2
رجا,2
رجب,1
رحاب,2
رحمان,1
رحمت,1
رحمت الله,1
رحمدل,1
رحمه,2
رحیم,1
رحیمه,2
رخ فروز,2
رخام,1
رخامین,2
رخسار,2
رخساره,2
رخسانا,2
رخسانه,2
رخشا,2
رخشاد,2
رخشان,2
رخشانه,2
رخشنده,2
رخشید,2
رخشیده,2
رخگل,2
رخنا,2
رخنار,2
رخناز,2
رخند,2
ردا,2
رز,2
رزا,2
رزارا,2
رزاق,1
رزالین,2
رزان,2
رزانا,2
رزآنا,2
رزرخ,2
رزسا,2
رزگار,1
رزگل,2
رزم آرا,1
رزمان,1
رزمجو,1
رزمهر,1
رزمیار,1
رزمین,1
رزمینا,2
رزناز,2
رزنیلا,2
رزوان,1
رزی,2
رزیتا,2
رزین,1
رزین,2
رزینا,2
رژان,2
رسا,1
رسادخت,2
رسام,1
رَسام,1
رسپینا,2
رستا (رَستا),2
رستا (رُستا),2
رستار,1
رستاک,1
رستاک,2
رستان,1
رستگار,1
رستم,1
رستین,1
رسول,1
رشا,2
رشاد,1
رشتاک,1
رشدیه,2
رشنان,1
رشنواد,1
رشید,1
رشیدا,1
رشیدالدین,1
رشیده,2
رضا,1
رضاعلی,1
رضوا,2
رضوان,2
رضوانه,2
رضی,1
رضیالدین,1
رضیه,2
رعد,1
رعنا,2
رغد,1
رغمان,1
رفائیل,2
رفعت,2
رفیدا,2
رفیع,1
رفیع الدین,1
رفیعه,2
رفیف,2
رقیب,1
رقیه,2
رقیه اسرا,2
رقیه ثنا,2
رقیه خاتون,2
رقیه زهرا,2
رقیه زینب,2
رقیه میسا,2
رکسار,1
رکسان,2
رکسانا,2
رکسانه,2
رکن الدین,1
رمان,2
رمانه,2
رمزی,1
رمضان,1
رمیصا,2
رمیلیا,2
رنا,2
رنان,2
رنانه,2
رنین,2
ره بین,1
رها,2
رَها,1
رهاب,2
رهاد,1
رهادخت,2
رهام,1
رُهام,1
رهام الدین,1
رهامیر,1
رهان,1
رهبان,1
رهنما,1
رهوا,1
رهور,1
رهی,1
رهیاب,1
رهیار,1
روا,2
روان مهر,1
روانبخش,1
روانشید,2
روبیتا,2
روبینا,2
روپاک,2
روپیا,2
روجا,2
روجیار,2
روچیار,1
روح افزا,2
روح الامین,1
روح الدین,1
روح الله,1
روح انگیز,2
روح بخش,2
روحا,2
روحان,1
روحیه,2
رودا,2
رودابه,2
رودک,1
رودین,1
روزا,2
روزان,2
روزانا,2
روزبان,1
روزبه,1
روزبهان,1
روزچهر,2
روزگار,1
روزمهر,1
روزیتا,2
روژ,2
روژا,2
روژان,2
روژانو,2
روژآوا,2
روژبین,2
روژدا,2
روژمان,1
روژنا,2
روژناک,2
روژه,2
روژهات,1
روژیا,2
روژیار,2
روژیتا,2
روژین,2
روژینا,2
روژییار,2
روسانا,2
روشا,2
روشاک,1
روشام,1
روشان,2
روشانا,2
روشن,2
روشن چهر,2
روشن دخت,2
روشن رخ,2
روشن مهر,1
روشنا,2
روشنان,2
روشنک,2
روشینا,2
روفیا,2
روکال,2
روما,2
روماک,1
رومانگ,2
رومیسا,2
رومینا,2
روناس,2
روناک,2
روناهی,2
رونیا,2
رونیاس,2
رونیسا,2
رونیکا,2
روهات,2
روهام,1
روهان,1
روهینا,1
روهینا,2
روومانگ,2
رویا,2
رویان,2
رویدا,2
رویسا,2
رویین,1
رویین تن,1
ریاح,2
ریاض,1
ریان,1
ریانا,2
ریبار,1
ریباز,1
ریبوار,1
ریبین,1
ریتا,2
ریتاج,2
ریجینا,2
ریحان,2
ریحانا,2
ریحانه,2
ریحانه زهرا,2
ریحانه زینب,2
ریرا,2
ریژنه,2
ریژوان,1
ریژین,2
ریسلا,2
ریشنا,2
ریکا,2
ریما,2
ریماس,2
ریناس,2
ریهام,2
رئوف,1
رئوفه,2
ریونیز,1
زاب,1
زادان,1
زادبه,1
زادشم,1
زادفرخ,1
زادمن,1
زادمهر,1
زارا,2
زارمیک,1
زافر,1
زاکیه,2
زاگرس,1
زال,1
زامیاد,1
زامیر,2
زانا,1
زانکو,1
زانیار,1
زانیس,1
زاهد,1
زاهده,2
زاهر,1
زاهره,2
زاوا,1
زاور,1
زاوش,1
زاون,1
زاویش,1
زائان,1
زایر,1
زائره,2
زبید,1
زبیده,2
زبیر,1
زحل,2
زراختر,2
زرار,1
زراره,1
زرآسا,2
زرافشان,2
زراوه,1
زربار,2
زربان,1
زربانو,2
زربین,2
زرپری,2
زرتا,2
زرتاج,2
زرتشت,1
زرخاتون,2
زرداده,1
زردخت,2
زردشت,1
زردیس,2
زرسا,2
زرشام,2
زرفام,2
زرقا,2
زرکا,2
زرکام,2
زرگل,2
زرگیسو,2
زرمان,2
زرماه,2
زرمهر,1
زرمینه,2
زرناز,2
زرنشان,1
زرنگار,1
زرنگیس,2
زرنوش,1
زروان,1
زرواندخت,2
زروند,1
زری,2
زریا,2
زریاب,1
زریان,2
زریدخت,2
زریر,1
زرین,2
زرین دخت,2
زرین مهر,2
زرینار,2
زرینه,2
زریون,1
زعلیه,2
زعیم,1
زکریا,1
زکیا,2
زکیه,2
زلال,2
زلاله,2
زلفا,2
زلیخا,2
زمان,1
زمانه,2
زمران,1
زمرد,2
زمزم,2
زمزمه,2
زند,1
زنگه,1
زنگو,1
زهرا,2
زهرا بانو,2
زهرا یاس,2
زهرامریم,2
زهراناز,2
زهره,2
زهیر,1
زهیرا,2
زواره,1
زوبین,1
زوپین,1
زوشا,2
زوفا,2
زوهر,2
زویا,2
زوییش,2
زویین,1
زیار,1
زیبا,2
زیباچهر,2
زیبادخت,2
زیبارخ,2
زیبارو,2
زیبان,2
زیبنده,2
زیتون,2
زیتونه,2
زید,1
زیرک,1
زیلان,2
زیما,2
زین الدین,1
زین العابدین,1
زینا,2
زینال,1
زیناوند,1
زینب,2
زینب گل,2
زینت,2
زینت الشریعه,2
زیوا,2
زیور,2
زیورتاج,2
زیوردخت,2
زیوین,2
ژابیز,1
ژابیز,2
ژابیژ,2
ژاسمن,2
ژاسمین,2
ژافه,1
ژاکلین,2
ژالان,2
ژاله,2
ژاله رخ,2
ژالیا,2
ژالین,2
ژاماسب,1
ژاماسپ,1
ژامک,2
ژانت,2
ژانیا,2
ژانیتا,2
ژانین,2
ژانینا,2
ژاوا,2
ژاویا,1
ژاوین,2
ژاییز,1
ژربرا,2
ژرفا,2
ژرفین,2
ژکان,1
ژنا,2
ژنیک,2
ژوان,2
ژوانا,2
ژوبین,1
ژولیا,2
ژونا,2
ژیا,2
ژیار,1
ژیان,1
ژیانا,2
ژیانو,2
ژیران,1
ژیرو,1
ژیژیس,2
ژیکال,2
ژیکان,1
ژیکو,1
ژیگس,1
ژیلا,2
ژیلمو,1
ژیلوان,1
ژینا,2
ژینار,1
ژینو,2
ژینوس,2
ژیهات,1
ژیوا,2
ژیوار,1
ژیوان,1
ژیوانا,2
ژیویر,1
سابرینا,2
سابود,2
ساتراپ,2
ساتکین,1
ساتگین,2
ساتی,2
ساتیا,2
ساتیار,1
ساتیام,2
ساتیرا,2
ساتین,2
ساجد,1
ساجده,2
ساجده زهرا,2
ساچلی,2
ساحر,2
ساحره,2
ساحل,2
ساحله,2
سادن,1
سادنا,2
سادنه,2
سادیار,1
سادینا,2
سارا,2
ساراب,2
سارادخت,2
سارال,2
سارالماز,2
ساران,2
سارای,2
سارپ,1
سارکو,1
سارگل,2
سارگن,1
سارمان,1
سارمه,2
سارمین,1
سارنا,2
سارنگ,1
سارنیا,2
ساره,2
سارو,1
سارونه,2
ساروین,1
سارویه,1
ساریا,1
ساریان,2
ساریژ,2
ساریسا,2
سارین,2
سارینا,2
ساریناز,2
سارینه,2
ساریه,2
سازک,2
سازگار,2
ساسان,1
ساشا,1
ساطعه,2
ساعد,1
ساعده,2
ساعی,1
ساغر,2
ساغمان,1
ساغون,1
ساقه,2
ساقی,2
ساکار,2
ساکو,1
سالار,1
سالارمهدی,1
سالسا,2
سالک,1
سالم,1
سالمه,2
سالومه,2
سالویا,2
سالی,2
سالیا,2
سالیز,2
سالینا,2
سام,1
سام راد,1
ساما,2
سامال,2
سامان,1
سامانتا,2
سامتین,2
سامر,1
سامران,1
سامرند,1
سامره,2
سامع,1
سامعه,2
سامه,2
سامی,1
سامیا,1
سامیا,2
سامیار,1
سامیتا,2
سامیدخت,2
سامیرا,2
سامیز,1
سامین,1
سامینا,2
سامینه,2
سامیه,2
سان آی,2
سانا,2
ساناز,2
سانال,1
سانان,1
سانای,2
سانک,1
سانلی,2
سانوا,2
سانی,1
سانیا,2
سانیار,1
سانیتا,2
سانیل,2
سانیلا,2
ساهر,1
ساهره,2
ساهی,1
ساوا,2
ساواش,1
ساوالان,1
ساوان,1
ساورا,1
ساورین,1
ساورینا,2
ساوند,2
ساونگ,1
ساویز,1
ساویس,2
ساوین,2
ساوینا,2
سایا,2
سایان,2
سائب,1
سایتا,2
سایتال,1
ساید,1
سایدا,2
سایرا,2
سایراد,1
سایراو,2
سایره,2
سایروس,1
سایق,1
سایمان,1
سایماه,2
ساینا,2
سایناز,2
ساینه,2
سایه,2
سایهان,1
ساییل,1
سایین,2
سبا,2
سبارو,2
سباک,1
سبحات,1
سبحان,1
سبزبهار,2
سبزپری,2
سبزینه,2
سبکتکین,1
سبلان,1
سبوح,1
سبوحا,2
سبیکه,2
سپاروک,2
سپاس,1
سپاسه,2
سپاکو,2
سپانو,1
سپنتا,1
سپنتام,1
سپنتامن,1
سپند,2
سپندار,1
سپنسار,1
سپهدار,1
سپهر,1
سپهراد,1
سپهرام,1
سپهران,1
سپهرداد,1
سپهرم,1
سپهرین,1
سپهیار,1
سپیتام,1
سپیتمان,1
سپیدار,2
سپیدخت,2
سپیدرو,2
سپیده,2
سپیناز,2
سپینود,2
ستا,2
ستاتیرا,2
ستار,1
ستاره,2
ستاک,2
ستایا,2
ستایان,1
ستایش,2
ستایش زهرا,2
سترگ,1
ستوده,2
ستی,2
ستیا,2
ستیلا,2
ستین,2
ستین دا,2
سجا,2
سجاد,1
سجایا,2
سحاب,1
سحبان,1
سحر,2
سحرگل,2
سحرناز,2
سحرنوش,2
سحورا,2
سخا,1
سخاوت,1
سخن,2
سخنور,1
سدا,2
سدانت,1
سدرا,1
سدن,2
سدنا,2
سدید,1
سدیس,1
سدیف,1
سراج,1
سراج الدین,1
سرافراز,1
سرافشان,2
سرآویز,2
سرایش,1
سرایه,2
سرحان,1
سرخاب,2
سردار,1
سرشار,1
سرفراز,1
سرکش,1
سرگل,2
سرگلان,2
سرگیس,2
سرمد,1
سَرمد,1
سرمه,2
سرمین,2
سرنا,2
سرناد,2
سرنای,2
سرو,2
سروا,2
سرواد,1
سروآزاد,2
سروتن,2
سروجهان,2
سرود,1
سرودخت,2
سرور (سَروَر),1
سرور (سُرور),2
سروراعظم,2
سروش,1
سُروش,1
سروشا,2
سروشان,1
سروشه,2
سروک,1
سروگل,2
سروناز,2
سروه,2
سروی,2
سروین,2
سروین دخت,2
سروینا,2
سروینه,2
سریتا,1
سریر,2
سریرا,2
سریران,1
سرینا,2
سزاوار,1
سعاد,2
سعادت,2
سعاده,2
سعد,1
سعدالدین,1
سعدون,1
سعدی,1
سعدیه,2
سعود,1
سعیا,1
سعید,1
سعیدرضا,1
سعیده,2
سغدیان,1
سقراط,1
سکینه,2
سلاله,2
سلاله زهرا,2
سلام,1
سلامان,1
سلامت,2
سلامه,2
سلدا,2
سلطان,1
سلطانه,2
سلطنت,2
سلم,1
سلما,2
سلماز,2
سلمان,1
سلمه,2
سلمی,2
سلن,2
سلنا,2
سلوا,2
سلوان,2
سلوانا,2
سلوی,2
سلیا,2
سلیله,2
سلیم,1
سلیمان,1
سلیمه,2
سلین,2
سلینا,2
سما,2
سمات,2
سماح,2
سماحه,2
سمان,1
سمانه,2
سمانی,2
سمر,2
سمرا,2
سمراد,1
سمران,1
سمکو,1
سمن,2
سمن بر,2
سمن چهر,2
سمن دخت,2
سمن رخ,2
سمن رو,2
سمن سا,2
سمن عذار,2
سمن ناز,2
سمنتا,2
سمندر,1
سمنوی,2
سموئیل,1
سمیح,1
سمیحه,2
سمیر,1
سَمیر,1
سمیرا,2
سمیرا میس,2
سمیره,2
سمیع,1
سمیعه,2
سمین,1
سمینه,2
سمیه,2
سن ناز,2
سنا,2
سنار,2
سنان,1
سنباد,1
سنبل,2
سنبله,2
سنجر,1
سندباد,1
سندس,2
سندل,1
سندوس,2
سنور,2
سنیا,2
سنیه,2
سها,2
سهاد,2
سهام,1
سهام الدین,1
سهراب,1
سهران,1
سهره,1
سهل,1
سهند,1
سهی,2
سهی دخت,2
سهیراد,1
سهیزاد,2
سهیل,1
سهیلا,2
سوادا,1
سواک,1
سوبار,1
سوتا,2
سوتیام,2
سوجا,2
سودا,2
سودابه,2
سودمند,1
سوده,2
سودی,2
سور,2
سورا,2
سوران,1
سورج,2
سورن,1
سورنا,1
سوره,2
سوری,2
سوریا,2
سوریاش,1
سوریتا,2
سوریدخت,2
سورین,1
سورینا,2
سوزان,2
سوزانا,2
سوزیار,2
سوژا,2
سوژین,2
سوسا,2
سوسره,2
سوسن,2
سوسنک,2
سوشا,1
سوشیان,1
سوشیانت,1
سوشیانس,1
سوفرا,1
سوفی,2
سوفیا,2
سوگل,2
سوگلی,2
سوگند,2
سوگی,2
سولار,2
سولاف,2
سولدوز,1
سولماز,2
سولین,2
سولینا,2
سوما,1
سوما,2
سومیا,2
سومیتا,2
سومینا,2
سونا,2
سونار,1
سوناز,2
سونالیکا,2
سونای,2
سونیا,2
سونیتا,2
سویدا,2
سویرا,2
سویل,2
سویلای,2
سویم,2
سوین,2
سوینا,2
سوینج,2
سوینچ,2
سیاره,2
سیاف,1
سیامک,1
سیامند,1
سیاوش,1
سیاووش,1
سیبل,1
سیبویه,1
سیپان,1
سیتا,2
سیتاک,1
سیترا,1
سیتکا,2
سیحان,1
سیحون,1
سیدا,2
سیرا,2
سیران,2
سیرانوش,2
سیرت,2
سیرخ,1
سیرنگ,1
سیروان,1
سیروس,1
سیرین,1
سیف,1
سیف الدین,1
سیف الله,1
سیفور,2
سیکا,2
سیلاو,1
سیلوانا,2
سیما,2
سیمادخت,2
سیمتن,2
سیمرخ,2
سیمون,1
سیمیا,2
سیمین,2
سیمین بر,2
سیمین چهر,2
سیمین دخت,2
سیمین رخ,2
سیمین رو,2
سیمین زر,2
سیمین عذار,2
سیمین فر,2
سیمینه,2
سینا,1
سینادخت,2
سینار,1
سیناز,2
سیناک,1
سینامهر,1
سینان,1
سینداد,1
سیندخت,2
سیندرلا,2
سینره,2
سیوا,2
سیوان,1
سئودا,2
سئوگی,2
شابرزین,1
شابهار,1
شاپرک,2
شاپری,2
شاپور,1
شاخسار,2
شاخوان,1
شاد,2
شادا,2
شاداب,2
شادآفرید,2
شادان,2
شادانه,2
شادبانو,2
شادبخت,2
شادبه,1
شادبهر,2
شادپری,2
شادتگین,1
شادخاتون,2
شاددخت,2
شاددل,2
شادرای,1
شادرخ,2
شادرو,2
شادروز,1
شادسیما,2
شادفر,1
شادک,2
شادکام,1
شادکامه,2
شادکان,1
شادگل,2
شادگون,2
شادل,1
شادلی,2
شادلین,2
شادمان,1
شادمانه,2
شادمهر,1
شادن,2
شادناز,2
شادنوش,2
شاده,2
شادور,2
شادوین,2
شادی,2
شادی سا,2
شادیا,2
شادیار,1
شادیان,1
شادیانه,2
شادیفروز,2
شادیفروغ,2
شادیناز,2
شادیه,2
شادیور,1
شاران,2
شارایل,1
شارلا,1
شارلوت,2
شارمین,2
شارمینا,2
شارن,2
شارو,1
شاروسین,1
شارون,2
شارونا,1
شاریا,1
شاریس,2
شارین,2
شارینا,2
شازیه,2
شاسپرم,2
شافی,1
شاکر,1
شاکره,2
شاکو,1
شالیار,1
شالیز,2
شالیزه,2
شامان,2
شامیرام,2
شان,1
شان آی,2
شانا,2
شانار,2
شاناز,2
شانال,1
شانای,2
شاندیز,1
شانلی,1
شانلی,2
شانیا,1
شانیسا,2
شاه پری,2
شاها,1
شاهارا,1
شاهان,1
شاهبانو,2
شاهبد,1
شاهپور,1
شاهجان,2
شاهد,1
شاهدانه,2
شاهدخت,2
شاهدل,1
شاهده,2
شاهدیس,1
شاهدین,1
شاهراد,1
شاهرام,1
شاهرخ,1
شاهرس,1
شاهرو,1
شاهرود,1
شاهروز,1
شاهزاد,1
شاهسا,1
شاهسار,1
شاهسام,1
شاهسان,1
شاهسون,1
شاهفر,1
شاهفرند,2
شاهقلی,1
شاهک,1
شاهکار,1
شاهگل,1
شاهلار,1
شاهمهر,1
شاهنام,1
شاهنای,2
شاهندل,1
شاهنده,1
شاهنگ,2
شاهنور,1
شاهنوش,1
شاهو,1
شاهوش,1
شاهوند,1
شاهوی,1
شاهویر,1
شاهوین,1
شاهویه,1
شاهی,1
شاهیاد,1
شاهیار,1
شاهیده,1
شاهیکا,2
شاهین,1
شاوان,1
شاور,1
شاوران,1
شاورک,2
شاوگ,1
شاوه,2
شاویس,1
شایا,2
شایار,1
شایان,1
شایان دخت,2
شایراد,1
شایسته,2
شائق,1
شایگان,1
شایلان,2
شایلی,2
شایلین,2
شایما,2
شایمین,1
شاین,2
شاینا,2
شایورد,2
شب آرا,2
شب افروز,2
شب بو,2
شباب,1
شباهنگ,2
شباویز,2
شبدیز,2
شبدیس,2
شبر,1
شبره,2
شبگون,2
شبنا,1
شبنم,2
شبیب,1
شبیر,1
شپول,1
شتاو,1
شجاع,1
شجاع الدین,1
شداد,1
شذی,2
شراره,2
شرافت,2
شراکیم,1
شراگیم,1
شرزین,1
شرف,2
شرف الدین,1
شرف نسا,2
شرمین,2
شرمین دخت,2
شرمینه,2
شروان,1
شروانه,2
شروق,2
شروین,1
شروین دخت,2
شروینه,2
شریعت,2
شریعه,2
شریف,1
شریف الدین,1
شریفه,2
شعاع,1
شعاع الدین,1
شعبان,1
شعرا,2
شعری,2
شعف,2
شعله,2
شعیا,1
شعیب,1
شغاد,1
شفا,2
شفاعت,2
شفق,2
شفقت,2
شفیع,1
شفیع محمد,1
شفیعا,1
شفیعه,2
شفیق,1
شفیقه,2
شقایق,2
شقیق,1
شکال,2
شکرالله,1
شکرانه,2
شکربانو,2
شکردخت,2
شکرناز,2
شکرین,2
شکفته,2
شکور,1
شکورا,2
شکوفا,2
شکوفان,2
شکوفه,2
شکوه,2
شکوه زهرا,2
شکوهمند,1
شکوهنده,2
شکوهه,2
شکیب,1
شکیبا,2
شکیبه,2
شکیل,1
شکیلا,2
شگرف,1
شگفتی,2
شلاله,2
شلر,2
شلیر,2
شماساس,1
شمامه,2
شمایل,2
شمس,1
شمس الدین,1
شمس الشریعه,2
شمس الضحی,1
شمس الله,1
شمس المعالی,1
شمس الهدی,2
شمس جهان,2
شمسا,2
شمسه,2
شمسی,2
شمسیه,2
شمشاد,2
شمعون,1
شمه,2
شمید,2
شمیده,2
شمیرا,2
شمیس,2
شمیسا,2
شمیسه,2
شمیلا,2
شمیم,2
شمیم فاطمه,2
شمیمه,2
شمین,2
شمینا,2
شن آی,2
شناز,2
شناسا,2
شنایا,2
شنتیا,1
شَنتیا,1
شنگان,1
شنه,2
شنیا,2
شنیاز,2
شنیان,2
شه پرور,2
شهاب,1
شهاب الدین,1
شهام,1
شهامت,1
شهان,1
شهباز,1
شهبال,1
شهبان,1
شهبانو,2
شهبد,1
شهپر,2
شهد,2
شهداد,1
شهدخت,2
شهددخت,2
شهدل,1
شهده,2
شهدیس,2
شهراد,1
شهرآرا,2
شهراز,2
شهرام,1
شهران,1
شهربانو,2
شهرخ,1
شهرداد,1
شهرزاد,2
شهرزادزهرا,2
شهرسب,1
شهرگل,2
شهرگیر,1
شهرناز,2
شهرنوش,2
شهره,2
شهرو,2
شهروز,1
شهرویه,2
شهریار,1
شهزاد,2
شهسام,1
شهسان,1
شهسوار,1
شهفور,1
شهگل,2
شهلا,2
شهمیر,1
شهنا,2
شهناز,2
شهنام,1
شهنواز,2
شهنور,1
شهنوش,2
شهنیا,2
شهیاد,1
شهیار,1
شهیدا,2
شهیده,2
شهیر,1
شهیراد,1
شهیره,2
شهین,2
شهین دخت,2
شوار,2
شوان,1
شوانه,2
شوخان,2
شوذب,1
شورآفرین,2
شورانگیز,2
شوریده,2
شوشان,2
شوشیناک,1
شوقی,1
شوکا,2
شوکت,2
شوگار,1
شونا,2
شیانا,1
شیبا,2
شیبت,1
شیث,1
شیدا,2
شیدالله,1
شیدان,2
شیدانه,2
شیدخت,2
شیدر,2
شیدرخ,2
شیدرنگ,1
شیدسا,2
شیدسب,1
شیدفر,2
شیده,2
شیدور,1
شیدوس,1
شیدوش,1
شیذر,1
شیرات,2
شیراز,2
شیراک,1
شیران,1
شیراوژن,1
شیردل,1
شیرزاد,1
شیرزن,2
شیرلا,1
شیرو,1
شیروار,1
شیروی,1
شیرویه,1
شیرین,2
شیرین دخت,2
شیرین زاد,2
شیفته,2
شیلا,2
شیلان,2
شیلانه,2
شیلر,2
شیما,2
شیمازهرا,2
شیمه,2
شینا,2
شیناب,2
شیناز,2
شیوا,2
شیوادخت,2
شیوه,2
صاباح,2
صابر,1
صابره,2
صابرین,2
صاحب,1
صاحبه,2
صادق,1
صادقه,2
صارم,1
صاعد,1
صالح,1
صالحه,2
صامت,1
صامد,1
صانع,1
صایب,1
صائب,1
صائبه,2
صائم,1
صایما,2
صائمه,2
صاین,1
صائن,1
صاینا,2
صبا,2
صباح,2
صباحت,2
صبار,2
صبحان,1
صبرا,2
صبرناز,2
صبری,2
صبرین,2
صبرینا,2
صبرینه,2
صبریه,2
صبور,1
صبور,2
صبورا,2
صبوره,2
صبیح,1
صبیحه,2
صبیر,1
صبیه,2
صحاح,2
صحتیار,1
صحرا,2
صحو,2
صداقت,2
صدپر,2
صدر,2
صدرا,1
صدرالدین,1
صدرالدین محمد,1
صدرالله,1
صدران,1
صدری,2
صدف,2
صدف ناز,2
صدوق,1
صدیده,1
صدیق,1
صدیقا,1
صدیقه,2
صدیقه زهرا,2
صراحی,2
صراط,1
صریر,1
صغری,2
صفا,2
صفاناز,2
صفدر,1
صفر,1
صفرعلی,1
صفوان,1
صفورا,2
صفی,1
صفیا,2
صفیالدین,1
صفیالله,1
صفیعلی,1
صفیه,2
صلا,2
صلات,1
صلاح,1
صلاح الدین,1
صمد,1
صمصام,1
صمیم,1
صمیمه,2
صنعان,1
صنم,2
صنم دخت,2
صنم رو,2
صنم گل,2
صنم ناز,2
صنمبر,2
صنوبر,2
صنیع,1
صنیعا,2
صهبا,2
صهیب,1
صوفی,1
صوفیا,2
صوفیه,2
صولت,1
صولتعلی,1
صوما,2
صونا,2
صیاد,1
صیام,1
صیانه,2
ضحا,2
ضحاک,1
ضحی,2
ضربان,2
ضرغام,1
ضرغامه,2
ضیا,1
ضیاء الحق,1
ضیاء الدین,1
ضیافت,1
ضیغم,1
طارف,1
طارق,1
طالب,1
طالع,1
طالوت,1
طاها,1
طاها حسین,1
طاها رضا,1
طاها مصطفی,1
طاهاسپنتا,1
طاهاعماد,1
طاهر,1
طاهرمحمد,1
طاهره,2
طاووس,2
طائر,1
طائف,1
طبیعت,2
طراوت,2
طرب,1
طرحان,1
طرخان,1
طرفان,1
طرفه,2
طرلان,2
طریفه,2
طغان,1
طغرل,1
طلا,2
طلاسان,2
طلاگون,2
طلاناز,2
طلایه,2
طلحه,1
طلعت,2
طلوع,2
طلیعه,2
طناز,2
طنان,2
طنین,2
طه,1
طهماسب,1
طهماسپ,1
طهمان,1
طهمورث,1
طهور,1
طهورا,2
طَهورا,1
طهورافاطمه,2
طوبی,2
طورگ,1
طوس,1
طوطی,2
طوطیا,2
طوطیانوش,1
طوعه,2
طوفان,1
طیب,1
طیبه,2
طیبه زهرا,2
طیلا,2
طینوش,1
ظافر,1
ظاهر,1
ظریف,2
ظریفه,2
ظفر,1
ظفردخت,2
ظهور,1
ظهیر,1
ظهیرالدین,1
ظهیره,2
عابد,1
عابده,2
عابدین,1
عابس,1
عاتکه,2
عاد,1
عادل,1
عادله,2
عادیات,2
عارف,1
عارف حسین,1
عارفه,2
عارفه زهرا,2
عاشور,1
عاصف,1
عاصفه,2
عاصم,1
عاصمه,2
عاطف,1
عاطفه,2
عاطی,1
عاقل,1
عاقله,2
عاکف,1
عالم,2
عالمه,2
عالی,1
عالیه,2
عامر,1
عامره,2
عاموس,1
عایشه,2
عباد,1
عبادالله,1
عباس,1
عباس مهدی,1
عباسعلی,1
عبدالاحد,1
عبدالامین,1
عبدالباسط,1
عبدالباقی,1
عبدالجبار,1
عبدالجلیل,1
عبدالحسن,1
عبدالحسین,1
عبدالحق,1
عبدالحکیم,1
عبدالحلیم,1
عبدالحمید,1
عبدالحنان,1
عبدالحی,1
عبدالخالق,1
عبدالرافع,1
عبدالرحمان,1
عبدالرحیم,1
عبدالرزاق,1
عبدالرسول,1
عبدالرشید,1
عبدالرضا,1
عبدالزهرا,1
عبدالسلام,1
عبدالسمیع,1
عبدالصاحب,1
عبدالصمد,1
عبدالعزیز,1
عبدالعظیم,1
عبدالعلی,1
عبدالعلیم,1
عبدالغفار,1
عبدالغفور,1
عبدالفتاح,1
عبدالقادر,1
عبدالقاهر,1
عبدالکریم,1
عبداللطیف,1
عبدالله,1
عبدالماجد,1
عبدالمتین,1
عبدالمجید,1
عبدالمحسن,1
عبدالمحمد,1
عبدالمطلب,1
عبدالمعز,1
عبدالمعید,1
عبدالمعین,1
عبدالملک,1
عبدالمنان,1
عبدالمهدی,1
عبدالنور,1
عبدالهادی,1
عبدالواحد,1
عبدالواسع,1
عبدالوهاب,1
عبید,1
عبیدالله,1
عبیر,2
عترت,2
عثمان,1
عدل,1
عدن,2
عدنا,2
عدنان,1
عدی,1
عدیل,1
عدیله,2
عذرا,2
عرش,1
عرشیا,1
عرشیان,1
عرفات,1
عرفان,1
عرفانه,2
عرفه,2
عروج,1
عروشا,2
عزالدین,1
عزالنسا,2
عزت,2
عزت الله,1
عزرا,1
عزیر,2
عزیز,1
عزیزالله,1
عزیزه,2
عسکر,1
عسل,2
عسل ناز,2
عشا,2
عشرت,2
عشق,2
عشیر,1
عصام,1
عِصام,1
عصام الدین,1
عصمت,2
عصمت الزمان,2
عضد,1
عطا,1
عطاءالله,1
عطاحسین,1
عطارد,1
عطامحمد,1
عطرا,2
عطرآگین,2
عطرسای,2
عطریا,2
عطرین,2
عطرینه,2
عطریه,2
عطوفت,2
عطوفه,2
عطیه,2
عطیه زهرا,2
عظیم,1
عظیمه,2
عفاف,2
عفت,2
عفرا,2
عفیف,1
عفیف الدین,1
عفیفه,2
عقیق,2
عقیقه,2
عقیل,1
عقیله,2
علا,1
علاءالدین,1
علم الهدی,1
علوان,1
علویه,2
علی,1
علی ابراهیم,1
علی احسان,1
علی ارشیا,1
علی آریا,1
علی آرین,1
علی اصغر,1
علی اکبر,1
علی امین,1
علی پارسا,1
علی پاشا,1
علی پویا,1
علی جواد,1
علی حسام,1
علی حسن,1
علی حسین,1
علی رضا,1
علی سا,1
علی سالار,1
علی سام,1
علی سجاد,1
علی سینا,1
علی صالح,1
علی صدرا,1
علی طاها,1
علی طه,1
علی عادل,1
علی عرشیا,1
علی عرفان,1
علی عطا,1
علی فواد,1
علی کیا,1
علی ماهان,1
علی محمد,1
علی مرتضی,1
علی مهدی,1
علی مهر,1
علی مهراد,1
علی مهزیار,1
علی نقی,1
علی هادی,1
علی واهب,1
علیا,2
علیتا,1
علیجان,1
علیداد,1
علیراد,1
علیرام,1
علیرضا,1
علیسان,1
علیشاه,1
علیم,1
علیما,2
علیمه,2
علیهان,1
عما,2
عماد,1
عمادالدین,1
عمادحسین,1
عمادرضا,1
عمادعلی,1
عمادمحمد,1
عمار,1
عمانوئیل,1
عمر,1
عمران,1
عمرو,1
عمید,1
عمیدالدین,1
عمیدمهدی,1
عنایت,1
عنایت الله,1
عنبر,2
عندلیب,1
عنقا,2
عنیف,1
عهدیه,2
عواطف,2
عیسی,1
عین الله,1
عینا,2
غاتفر,1
غالب,1
غانم,1
غانیه,2
غدیر,1
غَدیر,1
غدیره,2
غروی,1
غزال,2
غزاله,2
غزل,2
غزل ناز,2
غزوه,2
غفار,1
غفران,1
غفور,1
غلام,1
غلام حسن,1
غلام حسین,1
غلام رضا,1
غلام عباس,1
غلام محمد,1
غلی,1
غمزه,2
غنج,2
غنچه,2
غنی,1
غوغا,2
غیاث,1
غیاث الدین,1
فاتح,1
فاتک,1
فاتن,2
فاتیما,2
فاخته,2
فاخر,1
فاخره,2
فادی,1
فادیا,2
فادیه,2
فارا,2
فاراب,1
فاران,1
فارد,1
فارس,1
فارسی,1
فارص,1
فارمیس,2
فارناس,1
فارناسس,1
فارناک,1
فارهه,2
فاروق,1
فاریا,2
فاریاب,1
فاسیروس,2
فاضل,1
فاضله,2
فاطر,1
فاطره,2
فاطمه,2
فاطمه اطهر,2
فاطمه آلاء,2
فاطمه آوا,2
فاطمه بانو,2
فاطمه بشری,2
فاطمه بهار,2
فاطمه ثمین,2
فاطمه ثنا,2
فاطمه جانا,2
فاطمه حسنی (فاطمه حسنا),2
فاطمه حورا,2
فاطمه درسا,2
فاطمه دیبا,2
فاطمه رقیه,2
فاطمه ریحان,2
فاطمه ریحانه,2
فاطمه زهرا,2
فاطمه زهره,2
فاطمه زینب,2
فاطمه سارا,2
فاطمه سبا,2
فاطمه ستایش,2
فاطمه سرور,2
فاطمه سلما,2
فاطمه سلوا,2
فاطمه سما,2
فاطمه سنا,2
فاطمه سیما,2
فاطمه صبا,2
فاطمه ضحی,2
فاطمه طهورا,2
فاطمه عذرا,2
فاطمه غزاله,2
فاطمه کوثر,2
فاطمه مانا,2
فاطمه محدثه,2
فاطمه محیا,2
فاطمه مطهره,2
فاطمه معصومه,2
فاطمه مهدا,2
فاطمه مهلا,2
فاطمه نرجس,2
فاطمه نسا,2
فاطمه نورا,2
فاطمه هدی,2
فاطمه هستی,2
فاطمه هلیا,2
فاطمه یاس,2
فاطمه یاسمین,2
فاطمه یکتا,2
فاطن,1
فاطیما,2
فاکهه,2
فالح,1
فالق,1
فالقه,2
فانوس,2
فانید,2
فانیذ,2
فایحه,2
فایدیم,2
فائز,1
فائزه,2
فائض,1
فایضه,2
فایق,1
فائق,1
فایقه,2
فائقه,2
فتات,2
فتاح,1
فتانه,2
فتح الله,1
فتنه,2
فتوت,1
فجر,2
فخر,1
فخرالدین,1
فخرالزمان,2
فخرالسادات,2
فخرالملوک,2
فخرالنسا,2
فخرجهان,2
فخرگل,2
فخری,2
فخریه,2
فخیمه,2
فدک,2
فدیا,2
فر,2
فرا,2
فرابرز,1
فرابین,1
فرات,1
فراته,2
فراتین,2
فراچهر,2
فراد,1
فرادخت,1
فرادیس,2
فرادین,1
فرآذر,2
فراراد,1
فرارس,1
فرارنگ,2
فراز,1
فرازان,1
فرازمان,1
فرازمهر,1
فرازنده,1
فرازین,1
فراس,1
فراست,1
فراسیاک,1
فرام,1
فرامرز,1
فرامین,1
فران,2
فرانسیس,1
فرانک,2
فرانه,2
فراهت,2
فراهل,1
فراهیم,1
فراهین,1
فراواز,1
فراوک,1
فراییم,1
فرایین,1
فرآئین,1
فربخش,1
فربد,1
فربدعلی,1
فربو,2
فربود,1
فربین,1
فرپرک,2
فرتاش,1
فرتوس,1
فرتوک,2
فرتیام,2
فرج,1
فرج الله,1
فرجاد,1
فرجام,1
فرجهان,2
فرجو,1
فرجود,1
فرچهر,2
فرح,2
فرح انگیز,2
فرح بخش,2
فرح دخت,2
فرح روز,2
فرح سا,2
فرح سیما,2
فرح نسا,2
فرح نوش,2
فرحان,1
فرحانه,2
فرحت,2
فرحتاج,2
فرحزاد,2
فرحناز,2
فرخ,2
فرخ بخت,2
فرخ پی,1
فرخ چهر,2
فرخ داد,1
فرخ رو,2
فرخ روز,1
فرخ لقا,2
فرخ مهر,2
فرخ ناز,2
فرخان,1
فرخزاد,1
فرخنده,2
فرخنده چهر,2
فرداد,1
فردان,1
فردخت,2
فردوس,2
فردید,1
فردیس,2
فردیس چهر,2
فردیس مهر,2
فردین,1
فرزاد,1
فرزام,1
فرزان,1
فرزان دخت,2
فرزان مهر,1
فرزانفر,1
فرزانه,2
فرزدق,1
فرزن,1
فرزنه,1
فرزین,1
فرسا,2
فرساد,1
فرسار,1
فرسام,1
فرسان,1
فرستو,2
فرسمن,1
فرسیم,1
فرسیما,2
فرشاد,1
فرشاسب,1
فرشته,2
فرشید,1
فرشید ورد,1
فرشیده,2
فرشیم,1
فرصت,2
فرطوس,1
فرغار,1
فرغان,1
فرغانه,2
فرقان,1
فرقد,1
فرگان,1
فرگاه,1
فرگل,2
فرمان,1
فرمد,1
فرمند,1
فرمهر,1
فرمیسک,2
فرمین,1
فرن,2
فرناد,1
فرناز,2
فرناس,1
فرناک,1
فرنام,1
فرند,1
فرنگار,2
فرنگیز,2
فرنگیس,2
فرنواز,2
فرنود,1
فرنور,1
فرنوش,2
فرنوشا,2
فرنیا,2
فرنیان,2
فرنیک,2
فرهاد,1
فرهام,1
فرهان,1
فرهانه,2
فرهت,2
فرهمند,1
فرهناز,2
فرهنگ,1
فرهنوش,1
فرهود,1
فرهور,1
فرهوش,1
فرهوشداد,1
فرهومند,1
فرهی,1
فرهیخته,2
فرواک,1
فروتن,1
فرود,1
فرور,1
فرورتیش,1
فروردین,2
فروز,2
فروزا,2
فروزان,2
فروزجهان,2
فروزش,2
فروزنده,2
فروزین,2
فروزینه,2
فروشنک,2
فروغ,2
فروغ اعظم,2
فروغ الدین,1
فروهر,1
فروهل,1
فروهنده,2
فریا,2
فریاب,1
فریاد,1
فریار,1
فریال,2
فریان,1
فریانه,2
فریبا,2
فریبرز,1
فریتا,2
فریتون,1
فریچهر,2
فریچهره,2
فریحا,2
فرید,1
فرید حسین,1
فرید رضا,1
فریدا,2
فریداد,1
فریدالدین,1
فریدخت,2
فریدل,2
فریده,2
فریدون,1
فریر,2
فریرخ,2
فریرو,2
فریس,1
فریسا,2
فریسان,2
فریشا,2
فریشاد,1
فریضه,2
فریما,2
فریمان,1
فریمانه,2
فریماه,2
فریمن,1
فریمند,1
فریمهر,2
فرین,2
فرینا,2
فرینار,2
فریناز,2
فرینام,1
فرینام,2
فرینای,2
فرینو,2
فرینوش,2
فریهام,2
فریوار,2
فریور,1
فریوش,2
فریین,1
فصیح,1
فصیحه,2
فضل,1
فضل الله,1
فضلعلی,1
فضه,2
فضیل,1
فضیلت,2
فضیله,2
فقیهه,2
فکور,1
فلاح,1
فلامک,2
فلق,1
فلکناز,2
فلور,2
فلورا,2
فلوریا,2
فلیکس,1
فهام,1
فهامه,2
فهمیده,2
فهیم,1
فهیم رضا,1
فهیمه,2
فواد,1
فؤاد,1
فواد مهدی,1
فوادرضا,1
فوزیه,2
فوژان,2
فولاد,2
فیاض,1
فیدان,2
فیروز,1
فیروزان,1
فیروزخاتون,2
فیروزمند,1
فیروزمهر,1
فیروزه,2
فیصل,1
فیض,1
فیض الله,1
فیض محمد,1
فیکا,1
فیونا,2
قابل,1
قابوس,1
قابیل,1
قادر,1
قارن,1
قارون,1
قازان,1
قاسم,1
قاصدک,2
قالوس,1
قانته,2
قانع,1
قاهر,1
قاهره,2
قائد,1
قائم,1
قباد,1
قدرت,1
قدرت الله,1
قدسی,2
قدسیه,2
قدمخیر,2
قدوس,1
قدیر,1
قدیر محمد,1
قدیره,2
قدیس,1
قدیسه,2
قدیم,1
قراتکین,1
قربان,1
قربانعلی,1
قرنفل,2
قره لعین,2
قسم,2
قشنگ,2
قصه,2
قصیده,2
قطب الدین,1
قطره,2
قلی,1
قمر,2
قمرالزمان,2
قمرالملوک,2
قمرتاج,2
قمرسیما,2
قمرناز,2
قنبر,1
قهار,1
قهرمان,1
قوام,1
قوام الدین,1
قیام,1
قیدافه,2
قیزبس,2
قیس,1
قیصر,1
قیطران,2
قیطون,1
قیوم,1
کاآن,1
کابی,1
کابیان,1
کاپر,1
کاترین,2
کاترینا,2
کاتوزا,2
کاتیا,2
کادوسا,2
کارا,1
کاراک,1
کارآک,1
کاران,1
کارانوس,1
کاربین,1
کارتال,1
کاردار,1
کاردان,1
کاردلن,2
کاردو,1
کاردوس,1
کارزان,1
کارلوس,1
کارمانیا,2
کارمن,2
کارمیلا,2
کارن,1
کارنا,2
کارنگ,1
کارو,1
کاروان,1
کاروس,1
کارولین,2
کارولینا,2
کارون,1
کاروند,1
کاریا,1
کارین,2
کارینا,2
کازیوه,2
کاژاو,1
کاژه,2
کاژین,2
کاس,2
کاساندان,2
کاسپین,1
کاشانه,2
کاشین,2
کاظم,1
کاظمه,2
کاکله,1
کاکوتی,2
کاکی,1
کالو,1
کالی,1
کالین,2
کامبخش,1
کامبد,1
کامبوزیا,1
کامبیز,1
کامبین,1
کامجو,1
کامداد,1
کامدخت,2
کامدین,1
کامراد,1
کامراز,1
کامران,1
کامرو,1
کامروا,1
کامروز,1
کامشا,1
کامشاد,1
کامک,1
کامکار,1
کامل,1
کامله,2
کاملیا,2
کاملین,2
کامناز,2
کامنوش,1
کامه,2
کامور,1
کاموس,1
کامیاب,1
کامیار,1
کامیشا,2
کامیلا,2
کامین,1
کامینه,2
کاناز,2
کاندیش,1
کانی,2
کانیا,2
کانیاو,2
کانیلان,2
کاوان,1
کاوش,1
کاوک,1
کاوه,1
کاووس,1
کاویار,1
کاویان,1
کایا,1
کایان,1
کایاهان,1
کایر,1
کایرا,2
کایلین,2
کبرا,2
کبری,2
کبریا,1
کبوجیه,1
کبیر,1
کتانه,2
کتایون,2
کتماره,1
کتیبه,2
کجیر,1
کدمان,1
کدیور,1
کرا,2
کراخان,1
کرار,1
کرامت,1
کرامت الله,1
کرانه,2
کردوشا,1
کردوی,1
کردیا,2
کردیار,1
کرشمه,2
کرم,1
کروخان,1
کریشنا,1
کریم,1
کریم محمد,1
کریمه,2
کژال,2
کژوان,1
کژین,2
کسا,1
کسایون,2
کسرا,1
کسری,1
کسما,1
کشم,2
کعبه,2
کلارا,2
کلاره,2
کلاله,2
کلالی,1
کلام,1
کلان,1
کلاهور,1
کلباد,1
کلثوم,2
کلویی,2
کلیم,1
کلیم الله,1
کمال,1
کمال الدین,1
کمانگر,1
کمانه,2
کمبوجیه,1
کمند,2
کمیل,1
کنارنگ,1
کنعان,1
کهار,1
کهبد,1
کهرام,1
کهربا,2
کهرم,1
کهزاد,1
کهسار,2
کهکشان,2
کهیار,1
کهیلا,1
کواژین,1
کوپال,1
کوثر,2
کوثرالزهرا,2
کوچیار,2
کورداک,1
کورش,1
کورنگ,1
کوروس,1
کوروش,1
کوژیر,1
کوژین,1
کوشا,1
کوشاد,1
کوشادخت,2
کوشان,1
کوشانه,2
کوشش,1
کوشک,2
کوشیار,1
کوکب,2
کوکب دخت,2
کوکبه,2
کوهرنگ,1
کوهزاد,1
کوهسار,1
کوهشاد,1
کوهیار,1
کوهینه,2
کویر,1
کویستان,2
کوین,1
کی دخت,2
کی وین,1
کیا,1
کیا چهر,2
کیا داوود,1
کیا دخت,2
کیا سام,1
کیابد,1
کیاتن,1
کیاجور,1
کیارا,2
کیاراد,1
کیارام,1
کیارخ,1
کیارخ,2
کیارزم,1
کیارس,1
کیارش,1
کیآرمین,1
کیارنگ,1
کیازاد,1
کیازر,2
کیازند,1
کیاس,1
کیاسا,1
کیاسان,1
کیاشا,1
کیافر,1
کیاکسار,1
کیامرد,1
کیامن,1
کیامهر,1
کیان,1
کیان رضا,1
کیان مهر,1
کیانا,2
کیاناز,2
کیاندخت,2
کیانرخ,2
کیانژاد,1
کیانسه,2
کیانمهر,1
کیانه,2
کیانور,1
کیانوش,1
کیاهور,1
کیاوش,1
کیبد,1
کیجا,2
کیجانا,2
کیخسرو,1
کیژان,2
کیسان,1
کیشید,1
کیقباد,1
کیکاووس,1
کیلان,2
کیمان,1
کیمند,1
کیمنش,1
کیمیا,2
کیمیازهرا,2
کیناز,2
کیهان,1
کیهان رخ,2
کیهانه,2
کیوان,1
کیوان دخت,2
کیوانه,2
کیور,1
کیوس,1
کیومرث,1
کیومهر,1
گابریل,1
گارنیک,1
گاسپار,1
گالان,1
گالیا,2
گایار,1
گرازه,1
گرامی,2
گرامیدخت,2
گران مهر,2
گران ناز,2
گراناز,2
گرانخوار,1
گراهون,1
گرد,1
گرد آفرید,2
گرد آفرین,2
گرداب,1
گردآزاد,1
گردگیر,1
گردیا,1
گردیه,2
گرزم,1
گرستون,1
گرسیوز,1
گرشا,1
گرشاسب,1
گرشین,2
گرگیاس,1
گرگین,1
گرگینه,1
گرمانک,1
گرمایل,1
گروخان,1
گروس,1
گزل,2
گزینه,2
گژدهم,1
گستهم,1
گشتا,2
گشتاسب,1
گشواد,1
گشین,2
گل آذین,2
گل آرا,2
گل آسا,2
گل افروز,2
گل افزا,2
گل افشان,2
گل آنا,2
گل آور,2
گل آویز,2
گل آئین,2
گل بخت,2
گل بخش,2
گل بهار,2
گل بهاره,2
گل بید,2
گل بیز,2
گل بین,2
گل پونه,2
گل پیرا,2
گل پیکر,2
گل تابان,2
گل جهان,2
گل جو,2
گل چمن,2
گل چهره,2
گل خندان,2
گل خواه,2
گل دامن,2
گل سرخ,2
گل سفید,2
گل سمین,2
گل سور,2
گل سوری,2
گل سیما,2
گل صبا,2
گل غنچه,2
گل فروغ,2
گل گیتی,2
گل گیس,2
گل گیسو,2
گل میس,2
گل مینو,2
گل نرگس,2
گل نسا,2
گل نسیم,2
گل نوشا,2
گل یاس,2
گلاب,2
گلابتون,2
گلارا,2
گلاره,2
گلاریس,2
گلارین,2
گلاسا,2
گلال,2
گلاله,2
گلان,2
گلان دخت,2
گلاندام,2
گلانه,2
گلاویژ,2
گلایل,2
گلباد,1
گلبار,2
گلباران,2
گلباش,2
گلبام,2
گلبان,2
گلبانگ,2
گلبانو,2
گلبر,2
گلبرگ,2
گلبن,2
گلبو,2
گلبوته,2
گلبوی,2
گلپا,1
گلپاد,1
گلپاره,2
گلپاک,2
گلپر,2
گلپری,2
گلپسند,2
گلچهر,2
گلچین,2
گلخند,2
گلخنده,2
گلدار,2
گلدانه,2
گلدخت,2
گلدشت,2
گلدوست,2
گلدوش,2
گلدیس,2
گلراز,2
گلرام,2
گلربا,2
گلرخ,2
گلرخسار,2
گلرخشان,2
گلرنگ,2
گلرو,2
گلریز,2
گلریزان,2
گلزاد,2
گلزار,2
گلزر,2
گلزری,2
گلسا,2
گلسار,2
گلسان,2
گلسانا,2
گلستان,2
گلستانه,2
گلسر,2
گلسون,2
گلشا,2
گلشاد,2
گلشاه,1
گلشکر,2
گلشن,2
گلشهر,2
گلشید,2
گلشیفته,2
گلطلا,2
گلعذار,2
گلفام,2
گلفر,2
گلفشان,2
گلک,2
گلکار,1
گلگله,1
گلگون,2
گلگونه,2
گلمان,2
گلمر,2
گلمهر,2
گلمو,2
گلنار,2
گلناری,2
گلناز,2
گلنام,2
گلندام,2
گلنواز,2
گلنوش,2
گلوار,2
گلواژه,2
گلور,2
گلوری,2
گلوریا,2
گلوش,2
گلی,2
گلیا,2
گلیاد,2
گلیار,2
گلیتا,2
گلیدا,2
گلیدخت,2
گلیرخ,2
گلین,2
گلینا,2
گلینه,2
گلینوش,2
گنجا,2
گندم,2
گندمک,2
گهربار,2
گهرناز,2
گوارا,2
گودرز,1
گوران,1
گورنگ,1
گوزل,2
گوشیار,1
گوطلا,2
گولد,2
گولر,2
گولن,2
گونای,2
گونش,2
گونل,2
گوهر,2
گوهر شاد,2
گوهر ناز,2
گوهرآرا,2
گوهرافروز,2
گوهرافشان,2
گوهرالشریعه,2
گوهران,1
گوهربانو,2
گوهرتاب,2
گوهرتاج,2
گوهرتاش,2
گوهردخت,2
گوهرسمانه,2
گوهرشید,2
گوهرملک,2
گوهره,2
گوهرین,2
گویا,1
گویچک,2
گیتا,2
گیتا نوش,2
گیتی,2
گیتی افروز,2
گیتی دخت,2
گیتی فروغ,2
گیتی ناز,2
گیرا,2
گیسا,2
گیسو,2
گیسیا,2
گیشا,2
گیل,1
گیل ماه,2
گیل ناز,2
گیلا,2
گیلار,2
گیلاکو,2
گیلان,2
گیلانا,2
گیلاوا,2
گیلدا,2
گیلنار,2
گیله وا,2
گیلوا,2
گیهان,2
گیو,1
گئو,1
گیوا,2
گیوان,1
گئورگ,1
گئومات,1
لابان,1
لاچین,2
لادبن,2
لادن,2
لار,2
لارا,2
لاریسا,2
لاله,2
لاله دخت,2
لاله رخ,2
لاله رو,2
لاله زار,2
لاله سار,2
لاله سان,2
لاله گون,2
لاله وش,2
لامعه,2
لامیا,2
لانیا,2
لاهور,1
لاوان,1
لاون,2
لاویا,2
لاوین,2
لایلا,2
لایه,2
لبابه,2
لبانه,2
لبخند,2
لبنا,2
لبیب,1
لبینا,2
لتکا,2
لحظه,2
لطافت,2
لطف الدین,1
لطف الله,1
لطفعلی,1
لطیف,2
لطیفه,2
لعبا,2
لعبت,2
لعل,2
لعیا,2
لقا,2
لقمان,1
لمیا,2
لمیس,2
لمیعه,2
لنا,2
لنیا,2
لهاک,1
لهراسب,1
لواده,1
لوترا,2
لوتوس,2
لورا,2
لوران,1
لوکاس,1
لؤلؤ,2
لون,1
لونا,2
لی لی ناز,2
لیا,2
لئا,2
لیال,2
لیام,1
لیان,2
لیانا,2
لیبرا,1
لیبه,2
لیث,1
لیدا,2
لیدیا,2
لیرا,2
لیزا,2
لیزان,2
لیزدا,2
لیسا,2
لیلا,2
لیلا زکیه,2
لیلان,2
لیلپار,2
لیلماه,2
لیلوفر,2
لیلی (لی لی),2
لیلی (لیلا),2
لیلی (لِيلی),2
لیلیا (لَيليا),2
لیلیا (لِیلیا),2
لیلیان,2
لیلیث,2
لیلین,2
لیلیوم,2
لینا,2
لیندا,2
لینه,2
لیوراد,1
لیوزا,2
لیوزاد,2
لیوسا,2
لیونا,2
ماءالسماء,2
ماتا,1
ماتان,2
ماتیا,1
ماتیار,1
ماتیاس,1
ماتیسا,2
ماتیکان,1
ماتیلدا,2
ماتینا,2
ماجان,2
ماجد,1
ماجده,2
ماحوز,1
ماداک,2
مادح,1
مادیا,2
مادیار,1
مارال,2
مارتا,2
مارتیا,1
مارتیک,1
مارتین,1
مارتینا,2
ماردین,1
مارگریت,2
مارلین,2
ماری,2
ماریا,2
ماریان,2
ماریانا,2
ماریسا,2
مارین,2
مارینا,2
ماریه,2
ماریو,1
مازستا,1
مازیار,1
ماژان,1
ماسا,2
ماسال,2
ماسو,2
ماشاءالله,1
ماشگانا,2
ماکان,1
ماکوان,1
ماگنولیا,2
مالک,1
مالکه,2
مالیا,2
مامک,2
مامکان,2
مامو,2
مامیثا,2
مانا,1
مانا,2
مانا دخت,2
ماناد,1
ماناسه,1
مانای,1
مانترا,2
مانتره,2
ماندا,2
ماندان,2
ماندانا,2
ماندخت,2
ماندگار,2
مانسا,1
مانک,2
مانگ,2
مانل,2
مانلی,2
مانلیا,2
مانوش,1
مانوشا,2
مانوشاک,2
مانوک,1
مانوئل,1
مانی,1
مانیا,2
مانیاد,1
مانیار,1
مانیان,2
مانیتا,2
مانیدا,2
مانیسا,2
مانیشا,2
مانیکا,2
مانیوک,2
ماه,2
ماه آذر,2
ماه آفرید,2
ماه آفرین,2
ماه بانو,2
ماه بخت,2
ماه پری,2
ماه پسند,2
ماه پیکر,2
ماه تابان,2
ماه تینا,2
ماه ثمین,2
ماه ثنا,2
ماه جهان,2
ماه چهر,2
ماه چهره,2
ماه دخت,2
ماه دیس,2
ماه سا,2
ماه ستی,2
ماه سمن,2
ماه سیما,2
ماه شید,2
ماه صنم,2
ماه طلعت,2
ماه فروز,2
ماه فروغ,2
ماه گل,2
ماه منظر,2
ماه منیر,2
ماه نسا,2
ماه نگار,2
ماه نوش,2
ماه نیلا,2
ماه وش,2
ماها,2
ماهان,1
ماهانا,2
ماهانداد,1
ماهانه,2
ماهایا,2
ماهبد,1
ماهپاره,2
ماهتا,2
ماهتاب,2
ماهتاج,2
ماهتیسا,2
ماهتینار,2
ماهد,1
ماهداد,1
ماهده,2
ماهدیس,2
ماهر,1
ماهرخ,2
ماهرخسار,2
ماهره,2
ماهرو,2
ماهروی,2
ماهریز,2
ماهزاد,2
ماهسار,2
ماهسون,1
ماهشاد,1
ماهک,2
ماهکان,2
ماهگل,2
ماهلی,2
ماهلین,2
ماهم,2
ماهنا,2
ماهناز,2
ماهناک,2
ماهنور,2
ماهنی,2
ماهو,1
ماهوار,2
ماهور,1
ماهور (ماهوَر),2
ماهورا,2
ماهونداد,1
ماهونیا,2
ماهوین,2
ماهویه,2
ماهی,2
ماهیار,1
ماهیدا,2
ماهیسا,2
ماهین,2
ماهینه,2
ماوا,2
ماورد,2
مایا,2
مایابانو,2
مایار,1
مایان,2
مائد,1
مایدا,2
مائده,2
مایسا,2
مایکل,1
مایلا,2
مبارز,1
مبارک,1
مبارکه,2
مبرا,2
مبرز,1
مبشر,1
مبشره,2
مبین,1
مبین رضا,1
مبینا,2
مبینه,2
متانت,2
متانه,2
متقی,1
متوکل,1
متی,1
متیا,1
متیس,2
متین,1
متین رضا,1
متینا,2
متینه,2
مجاهد,1
مجتبی,1
مجد,1
مجدالدین,1
مجدراد,1
مجدود,1
مجذوب,2
مجلله,2
مجیب,1
مجیبه,2
مجید,1
مجید رضا,1
مجیدالدین,1
مجیده,2
مجیر,1
مجیرا,2
مجیرالدین,1
محب,1
محب الدین,1
محب الله,1
محب رضا,1
محبت,2
محبه,2
محبوب,1
محبوبه,2
محترم,2
محترمه,2
محتشم,1
محتشمه,2
محجوب,2
محجوبه,2
محدث,1
محدثه,2
محدثه زهرا,2
محراب,1
محرم,1
محسن,1
محسن رضا,1
محسنه,2
محصون,1
محقق,1
محلا,2
محمد,1
محمد ابراهیم,1
محمد احسان,1
محمد ادریس,1
محمد ادیب,1
محمد آراد,1
محمد آراس,1
محمد آرتا,1
محمد آرتین,1
محمد اردلان,1
محمد ارسلان,1
محمد آرش,1
محمد ارشاد,1
محمد ارشام,1
محمد آرشام,1
محمد ارشیا,1
محمد آرمان,1
محمد ارمیا,1
محمد آرمین,1
محمد آرهان,1
محمد آروین,1
محمد آریا,1
محمد آریان,1
محمد آرین,1
محمد اسامه,1
محمد اسحاق,1
محمد اسلام,1
محمد اسماعیل,1
محمد اشکان,1
محمد اعلا,1
محمد افشار,1
محمد افشین,1
محمد افضل,1
محمد اقبال,1
محمد آکام,1
محمد الیاس,1
محمد امید,1
محمد امیر,1
محمد امین,1
محمد انور,1
محمد اویس,1
محمد آیدین,1
محمد ایلیا,1
محمد ایمان,1
محمد آیهان,1
محمد ایوب,1
محمد آیین,1
محمد باقر,1
محمد بردیا,1
محمد برنا,1
محمد برهان,1
محمد بسام,1
محمد بشیر,1
محمد بصیر,1
محمد بلال,1
محمد بنیامین,1
محمد بهراد,1
محمد بهروز,1
محمد بهزاد,1
محمد بهمن,1
محمد بهنام,1
محمد بهنود,1
محمد پارسا,1
محمد پاشا,1
محمد پایا,1
محمد پدرام,1
محمد پرهام,1
محمد پوریا,1
محمد پویا,1
محمد پویان,1
محمد پیام,1
محمد پیمان,1
محمد تحسین,1
محمد تدین,1
محمد تقی,1
محمد تکین,1
محمد توفیق,1
محمد ثاقب,1
محمد جابر,1
محمد جاوید,1
محمد جبار,1
محمد جعفر,1
محمد جلال,1
محمد جلیل,1
محمد جمال,1
محمد جمشید,1
محمد جمیل,1
محمد جواد,1
محمد حاتم,1
محمد حافظ,1
محمد حامد,1
محمد حامی,1
محمد حبیب,1
محمد حجت,1
محمد حسام,1
محمد حسان,1
محمد حسن,1
محمد حسین,1
محمد حکیم,1
محمد حلیم,1
محمد حمزه,1
محمد حمید,1
محمد حنان,1
محمد حنیف,1
محمد حیدر,1
محمد خالد,1
محمد خالق,1
محمد خسرو,1
محمد خلیل,1
محمد دارا,1
محمد دانش,1
محمد دانیال,1
محمد داوود,1
محمد ذاکر,1
محمد راد,1
محمد رادمان,1
محمد رادین,1
محمد راستین,1
محمد راشد,1
محمد رامتین,1
محمد رامین,1
محمد رحمان,1
محمد رحیم,1
محمد رسا,1
محمد رسام,1
محمد رستگار,1
محمد رسول,1
محمد رشاد,1
محمد رشید,1
محمد رضا,1
محمد رفیع,1
محمد رهام,1
محمد رئوف,1
محمد زاهد,1
محمد زکریا,1
محمد زمان,1
محمد زهیر,1
محمد ساجد,1
محمد ساسان,1
محمد ساعد,1
محمد سالار,1
محمد سام,1
محمد سامان,1
محمد سبحان,1
محمد سپهر,1
محمد ستار,1
محمد سجاد,1
محمد سرور,1
محمد سروش,1
محمد سعد,1
محمد سعید,1
محمد سلمان,1
محمد سلیم,1
محمد سلیمان,1
محمد سمیع,1
محمد سنا,1
محمد سهراب,1
محمد سهند,1
محمد سهیل,1
محمد سورنا,1
محمد سینا,1
محمد شاهد,1
محمد شاهرخ,1
محمد شاهین,1
محمد شایان,1
محمد شایگان,1
محمد شبیر,1
محمد شروین,1
محمد شریف,1
محمد شفیع,1
محمد شفیق,1
محمد شکور,1
محمد شکیب,1
محمد شمس,1
محمد شهاب,1
محمد شهرام,1
محمد شهروز,1
محمد شهریار,1
محمد شهیار,1
محمد صابر,1
محمد صاحب,1
محمد صادق,1
محمد صالح,1
محمد صائب,1
محمد صاین,1
محمد صبور,1
محمد صبیر,1
محمد صدرا,1
محمد صدیق,1
محمد صفا,1
محمد صلاح,1
محمد صمیم,1
محمد ضیا,1
محمد طارق,1
محمد طالب,1
محمد طاها,1
محمد طاهر,1
محمد طه,1
محمد طیب,1
محمد ظاهر,1
محمد ظفر,1
محمد عابد,1
محمد عادل,1
محمد عارف,1
محمد عامر,1
محمد عباس,1
محمد عدنان,1
محمد عرشیا,1
محمد عرفان,1
محمد عطا,1
محمد عظیم,1
محمد عقیل,1
محمد علی,1
محمد علیم,1
محمد عماد,1
محمد عمران,1
محمد عمید,1
محمد عیسی,1
محمد غفور,1
محمد فاتح,1
محمد فاخر,1
محمد فاروق,1
محمد فاضل,1
محمد فائق,1
محمد فتاح,1
محمد فراز,1
محمد فربد,1
محمد فرحان,1
محمد فردین,1
محمد فرزاد,1
محمد فرزام,1
محمد فرزان,1
محمد فرزین,1
محمد فرساد,1
محمد فرشاد,1
محمد فرشید,1
محمد فرهاد,1
محمد فرهام,1
محمد فرید,1
محمد فهیم,1
محمد فواد,1
محمد فیاض,1
محمد فیروز,1
محمد قادر,1
محمد قاسم,1
محمد قائم,1
محمد قدیر,1
محمد کاظم,1
محمد کامران,1
محمد کریم,1
محمد کسرا,1
محمد کمال,1
محمد کمیل,1
محمد کیا,1
محمد کیان,1
محمد کیهان,1
محمد کیوان,1
محمد ماجد,1
محمد ماکان,1
محمد مالک,1
محمد ماهان,1
محمد مبین,1
محمد متین,1
محمد مجتبی,1
محمد مجیب,1
محمد مجید,1
محمد مجیر,1
محمد محتشم,1
محمد محراب,1
محمد محسن,1
محمد محمود,1
محمد مختار,1
محمد مراد,1
محمد مرتضی,1
محمد مرصاد,1
محمد مسعود,1
محمد مسلم,1
محمد مسیح,1
محمد مسیحا,1
محمد مشتاق,1
محمد مصباح,1
محمد مصطفی,1
محمد معراج,1
محمد معز,1
محمد معصوم,1
محمد معید,1
محمد معین,1
محمد مقداد,1
محمد مقصود,1
محمد منصور,1
محمد منعم,1
محمد منیب,1
محمد مهبد,1
محمد مهتدی,1
محمد مهدی,1
محمد مهدیار,1
محمد مهر,1
محمد مهراب,1
محمد مهراد,1
محمد مهران,1
محمد مهرداد,1
محمد مهرشاد,1
محمد مهزیار,1
محمد مهیار,1
محمد موسی,1
محمد میثاق,1
محمد میثم,1
محمد میعاد,1
محمد میکائیل,1
محمد میلاد,1
محمد ناجی,1
محمد نادر,1
محمد ناصح,1
محمد ناصر,1
محمد نافع,1
محمد نبی,1
محمد نجات,1
محمد نصیر,1
محمد نعیم,1
محمد نقی,1
محمد نورالدین,1
محمد نویان,1
محمد نوید,1
محمد نیکان,1
محمد نیما,1
محمد هاتف,1
محمد هادی,1
محمد هاشم,1
محمد هامان,1
محمد هانی,1
محمد هدایت,1
محمد هشام,1
محمد همام,1
محمد همایون,1
محمد هورام,1
محمد هومان,1
محمد هومن,1
محمد وحید,1
محمد وصال,1
محمد وفا,1
محمد ولی,1
محمد وهاب,1
محمد وهب,1
محمد یاسر,1
محمد یاسین,1
محمد یاشا,1
محمد یاشار,1
محمد یحیی,1
محمد یزدان,1
محمد یوسف,1
محمد یونس,1
محمدآبتین,1
محمدآدرین,1
محمدآرسام,1
محمدباراد,1
محمدتارخ,1
محمدتوحید,1
محمدتیام,1
محمدثامن,1
محمدجواد,1
محمدحسین,1
محمدرافع,1
محمدرامان,1
محمدرایا,1
محمدرضا,1
محمدرضوان,1
محمدزبیر,1
محمدسامی,1
محمدسامیار,1
محمدسانی,1
محمدسدیس,1
محمدسردار,1
محمدسمیر,1
محمدسنان,1
محمدصانع,1
محمدصفی,1
محمدعلی,1
محمدکارن,1
محمدکاوه,1
محمدکسری,1
محمدمازیار,1
محمدمتین,1
محمدمنان,1
محمدمیران,1
محمدمیرزا,1
محمدهیرسا,1
محمدیارا,1
محمدیاسان,1
محمود,1
محمود رضا,1
محموده,2
محنا,2
محنی,2
محیا (مَحيا),2
محیا (ِمُحَيّا),2
محیان,2
محیصا,2
محیط,1
محییالدین,1
مختار,1
مدارا,2
مدبر,1
مدثر,1
مدحت,2
مدد,1
مدریک,1
مدوسا,2
مدیا,2
مدیار,1
مدیحا,2
مدیحه,2
مدیس,2
مدیسا,2
مدیسه,2
مدینا,2
مدینه,2
مرآت,1
مراد,1
مرال,2
مرام,2
مرتا,1
مرتاح,1
مرتضی,1
مرتضی علی,1
مرتیا,1
مرثا,2
مرجان,2
مرجان چهر,2
مرجان دخت,2
مرجان رخ,2
مرجانه,2
مرجون,2
مرحان,2
مرحمت,2
مرداس,1
مردافکن,1
مردآوند,2
مردتیا,1
مردو,1
مرزبان,1
مرزوان,1
مرسا,2
مرسانا,2
مرسده,2
مرسل,1
مرسنا,2
مرسین,2
مرشد,1
مرصاد,1
مرصع,2
مرضیه,2
مرکا,2
مرکام,1
مرمر,2
مرمری,2
مرمرین,2
مرهم,2
مروا,2
مروارید,2
مروان,1
مروانه,2
مروت,1
مروه,2
مروئه,2
مریان,2
مریدا,2
مریس,2
مریسا,2
مریلا,2
مریم,2
مرینا,2
مزدا,1
مزدک,1
مزدیسنا,1
مزید,1
مزین,2
مژان,2
مژده,2
مژگان,2
مسباد,1
مستانه,2
مستعان,1
مستوره,2
مسرت,2
مسرور,2
مسعود,1
مسعود رضا,1
مسعوده,2
مسلم,1
مسلمه,2
مسیب,1
مسیح,1
مسیحا,1
مسین,1
مشاری,1
مشاعل,2
مشانا,2
مشتاق,1
مشرف,1
مشفق,1
مشک ناز,2
مشکات,2
مشکات الزهرا,2
مشکان,1
مشکاه,2
مشکنک,2
مشکین,2
مشکین دخت,2
مشهود,1
مشهور,1
مشی,1
مشیا,2
مشیانه,2
مشیت,1
مشید,1
مشیر,1
مشیما,2
مصباح,1
مصدق,1
مصطفی,1
مصفا,1
مصلح,1
مصلح الدین,1
مصیب,1
مطهر,2
مطهره,2
مطیب,1
مطیعا,1
مظاهر,1
مظفر,1
مظفرالدین,1
مظهر,1
معاد,1
معاذالله,1
معارج,1
معبود,1
معتصم,1
معتمد,1
معراج,1
معرفت,1
معرفت الله,1
معروف,1
معز,1
معزالدین,1
معزز,2
معززه,2
معصوم,1
معصومه,2
معصومه بانو,2
معصومه زهرا,2
معطر,2
معطی,1
معظم,1
معظمه,2
معید,1
معیدرضا,1
معیر,1
معین,1
معین الدین,1
معین رضا,1
معینا,2
مغیث,1
مفرح,2
مفضل,1
مفلح,1
مفید,1
مفیده,2
مقاره,1
مقبل,1
مقبله,2
مقبوله,2
مقتدا,1
مقتدر,1
مقداد,1
مقدسه,2
مقصد,1
مقصود,1
مقصوده,2
مقیما,1
مکابیز,1
مکرم,1
مکرمه,2
مکنونه,2
مکینا,2
مکیناس,2
مکیه,2
ملاحت,2
ملانی,2
ملانیا,2
ملائک,2
ملایم,2
ملدا,2
ملک,2
ملک آرا,1
ملک جهان,2
ملک زمان,2
ملک سیما,2
ملک شاد,2
ملک ناز,2
ملک نسا,2
ملکا,1
ملکان,1
ملکشاه,1
ملکه,2
ملودی,2
ملورین,2
ملورینا,2
ملوس,2
ملوسک,2
ملوک,2
ملوین,1
ملیا,2
ملیح سا,2
ملیحه,2
ملیسا,2
ملیسی,2
ملیکا,2
ملیکه,2
ملیله,2
ملینا,2
ممتاز,2
ممدوح,1
منا,2
مناک,1
منال,2
منانه,2
مناهل,2
منتا,2
منتظر,1
منتیا,2
منجی,1
منجیک,1
مندا,1
منذر,1
منزلت,2
منزه,2
منسا,2
منش,1
منشور,1
منصف,1
منصور,1
منصوره,2
منظر,2
منعم,1
منکشه,2
منهاج,1
منهاج الدین,1
منوچهر,1
منور,2
منوره,2
منوش,1
منوشان,1
منیب,1
منیبا,2
منیر,2
منیراعظم,2
منیرالدین,1
منیره,2
منیرو,2
منیژه,2
منیع,1
منیف,1
مه آرا,2
مه آسا,2
مه تابان,2
مه تیام,2
مه جبین,2
مه رخ,2
مه سارا,2
مه سیما,2
مه فروز,2
مه فروغ,2
مه کیا,2
مه گونه,2
مه لقا,2
مه نگار,2
مه نیا,2
مها,2
مهاباد,2
مهابت,1
مهابد,1
مهاجر,1
مهاد,2
مهادا,2
مهام,2
مهان,2
مهان دخت,2
مهاوا,2
مهبا,2
مهباد,1
مهبان,2
مهبانو,2
مهبد,1
مهبود,1
مهپاره,2
مهتا,2
مهتاب,2
مهتاج,2
مهتدی,1
مهدا,2
مهداد,1
مِهداد,1
مهدار,1
مهدانا,2
مهدخت,2
مهدل,2
مهدونه,2
مهدی,1
مهدی امین,1
مهدی پارسا,1
مهدی حسین,1
مهدی رضا,1
مهدی صالح,1
مهدی یار,1
مهدیا,2
مهدیار,1
مَهدیار,1
مهدیان,2
مهدیس,2
مهدیسا,2
مهدیسه,2
مهدین,2
مهدینا,2
مهدیه,2
مهدیه زهرا,2
مهر,1
مهر آذر,2
مهر آذین,2
مهر آرا,2
مهر آرتا,1
مهر آریا,1
مهر آزاد,1
مهر آزما,1
مهر آسا,2
مهر اسپند,1
مهر اعظم,2
مهر آفاق,2
مهر آفرید,2
مهر آفرین,2
مهر آنا,2
مهر انوش,2
مهر آوه,2
مهر آیه,2
مهر آیین,2
مهر زهرا,2
مهر سام,1
مهر سان,2
مهر سنا,2
مهر سیما,2
مهر سینا,1
مهر شاد,1
مهر شید,2
مهر یا,2
مهر یاد,1
مهر یار,2
مهرا,2
مهراب,1
مِهراب,1
مهرابه,2
مهراج,1
مهراد,1
مِهراد,1
مهرآراد,1
مهراز,2
مهراس,1
مهرافروز,2
مهرافزا,2
مهرام,1
مهرآمین,1
مهران,1
مِهران,1
مهران دخت,2
مهران گل,2
مهرانا,2
مهراندیش,1
مهرانفر,1
مهرانگیز,2
مهرانه,2
مهرآوا,2
مهرآور,2
مهراوه,2
مهرآویر,2
مهرآوین,2
مهرآیین,1
مهرباز,1
مهربان,2
مهربانو,2
مهربخش,2
مهربد,1
مِهربُد,1
مهرپاد,1
مهرپرور,2
مهرپو,1
مهرپویا,1
مهرپویان,1
مهرتا,2
مهرتاب,2
مهرتابان,2
مهرتاش,1
مِهرتاش,1
مهرثنا,1
مهرجان,2
مهرجانان,2
مهرجهان,2
مهرجو,1
مهرخو,1
مهرداد,1
مِهرداد,1
مهردار,1
مهردخت,2
مهردیبا,2
مهردیس,2
مهرراز,2
مهررضا,1
مهرزاد,1
مِهرزاد,1
مهرسا,2
مهرساد,2
مهرسام,1
مهرسانا,2
مهرسو,2
مهرشاد,1
مهرشین,2
مهرشینا,2
مهرفر,1
مهرفروز,2
مهرفروغ,2
مهرک,2
مهرکام,1
مهرکان,1
مهرکانا,2
مهرکوش,1
مهرکوشا,1
مهرکیش,1
مهرگان,2
مهرگل,2
مهرلقا,2
مهرمان,1
مهرمانا,2
مهرماه,2
مهرمس,1
مهرمند,1
مهرمنیر,2
مهرنار,2
مهرناز,2
مهرنام,1
مهرنسا,2
مهرنگ,2
مهرنگار,2
مهرنور,2
مهرنوش,2
مهرنیا,2
مهرنیک,2
مهرنیکا,2
مهرو,2
مهروالا,1
مهروان,1
مهرورز,1
مهروز,2
مهروش,2
مهروشا,2
مهروند,1
مهروی,2
مهروین,1
مهری,2
مهریاس,2
مهریانا,2
مهریز,2
مهریماه,2
مهرین,2
مهزاد,2
مِهزاد,1
مهزیار,1
مهژین,2
مهسا,2
مهسان,2
مهسانه,2
مهسایه,2
مهست,2
مهستا,2
مهستی,2
مهسو,2
مهسین,2
مهشاد,2
مهشب,2
مهشید,2
مهشیده,2
مهفام,2
مهکام,2
مهکامه,2
مهگان,2
مهگل,2
مهلا,2
مهنا,2
مهناد,1
مهناز,2
مهنام,2
مهند (مَهند),2
مهند (مُهنّد),1
مهنو,2
مهنور,2
مهنوش,2
مهنیا,2
مهوا,2
مهوار,2
مهوان,2
مهوش,2
مهوند,1
مهوین,2
مهی,2
مهیا,2
مهیاد,1
مِهیاد,1
مهیار,1
مَهیار,1
مهیاره,2
مهیاز,2
مهیاس,2
مهیان,2
مهیتا,2
مهیرا,2
مهیره,2
مهیسا,2
مهیشا,2
مهیلا,2
مهیمن,1
مهیمنه,2
مهین,2
مهین دخت,2
مهین رخ,2
مهین زاد,2
مهین شاد,2
مهین فروغ,2
مهینا,2
موآنا,2
مواهب,2
موتا,1
موتمن,1
موج,1
موحد,1
موحده,2
موراشین,2
موزون,2
موژان,2
موژانا,2
موسی,1
موسی الرضا,1
موعود,1
موفق,1
موقر,1
موکا,2
موگه,2
مولود,2
مولوده,2
مولیان,2
مومن,1
مومنه,2
مونا,2
مونس,2
مونیکا,2
موهبت,2
موهبه,2
موید,1
میانا,2
میترا,2
میترادخت,2
میتراناز,2
میترانوش,2
میثاق,1
میثم,1
میچکا,2
میحاد,1
میخک,2
میخوش,2
میدیا,2
میرا,2
میراث,1
میرال,2
میران,1
میراندا,2
میرانه,2
میرای,2
میرزا,1
میرشاد,1
میرکا,1
میرکو,1
میرنا,2
میرو,1
میریام,2
میرین,1
میسا,2
میسان,2
میسون,2
میشا,1
میشا,2
میشان,1
میشانه,2
میشکا,2
میشل,1
میعاد,1
میکال,1
میکائلا,1
میکائیل,1
میکسا,1
میگل,2
میگون,2
میلا,2
میلاد,1
میلان,1
میلانا,2
میلاو,1
میلاوه,2
میلکان,2
میمنت,2
مینا,2
مینا دخت,2
مینا گون,2
مینا وش,2
میناز,2
مینل,2
مینو,2
مینو چهر,2
مینو دخت,2
مینو رخ,2
مینو سا,2
مینو فر,2
مینو مهر,2
مینورام,2
مینوزاد,2
مینوس,1
مینوسرشت,2
مینوش,2
مینوشا,2
مینووش,2
میها,2
میهن,2
نابت,2
ناتا,2
ناتاشا,2
ناجی,1
ناجیه,2
نادر,1
نادره,2
نادعلی,1
نادی,2
نادیا,2
نادین,1
نادینوس,1
نادیه,2
نارا,2
نارامسین,1
ناراین,2
ناربن,2
نارتا,2
ناردانا,2
ناردانه,2
ناردخت,2
ناردیس,2
ناردین,2
نارسیس,2
نارشین,2
نارگل,2
نارملا,2
نارمیلا,2
نارمینا,2
نارنج,2
نارنیا,1
نارو,2
ناروش,2
نارون (ناروان),2
نارون (ناروَن),2
ناروین,2
ناری,2
ناریا,2
ناریسا,2
ناریش,2
ناریکا,2
نارین,2
نارینا,2
نارینه,2
ناریه,2
ناز,2
نازآفرید,2
نازآفرین,2
نازان,2
نازانتا,2
نازبانو,2
نازبو,2
نازپری,2
نازپناه,2
نازتاب,2
نازتیام,2
نازجهان,2
نازخاتون,2
نازدار,2
نازدانه,2
نازدخت,2
نازدلبر,2
نازرخ,2
نازروی,2
نازشید,2
نازشیرین,2
نازفاطمه,2
نازفر,2
نازک,2
نازگل,2
نازگوهر,2
نازگیتی,2
نازلار,2
نازلر,1
نازلی,2
نازمهر,2
نازمهری,2
نازنوش,2
نازنیا,2
نازنین,2
نازنین بتول,2
نازنین خدیجه,2
نازنین رقیه,2
نازنین زهرا,2
نازنین زینب,2
نازنین فاطمه,2
نازنین کوثر,2
نازنین مریم,2
نازنین معصومه,2
نازنین نرگس,2
نازوالا,2
نازوند,1
نازی,2
نازیاب,2
نازیار,2
نازیتا,2
نازیدخت,2
نازیک,2
نازیلا,2
نازین,2
نازینه,2
ناژو,2
ناژین,2
ناسیکو,1
ناشا,2
ناصح,1
ناصر,1
ناصرالدین,1
ناصرخسرو,1
ناطق,1
ناعمه,2
نافع,1
نافله,2
نافه,2
ناکتا,2
نامبد,1
نامجو,1
نامدار,1
نامور,1
نامی,1
نامیک,1
نامین,1
نانا,2
نانسی,2
نانیا,2
نانیسا,2
ناهرین,1
ناهید,2
ناهیده,2
ناهیرا,1
ناهیرا,2
ناوک,2
نایا,2
نایاب,2
نایان,1
نایب,1
نایره,2
نایریکا,2
نایف,1
نائل,1
نائله,2
نائیریکا,2
نبات,2
نبراس,2
نبرزین,1
نبهان,1
نبوت,1
نبی,1
نبیالله,1
نبیل,1
نبیه,2
نثار,2
نثار احمد,1
نجات,1
نجاح,2
نجف,1
نجلا,2
نجم,1
نجم الدین,1
نجما,2
نجمه,2
نجمیه,2
نجوا,2
نجی,1
نجیالله,1
نجیب,1
نجیب الدین,1
نجیب الله,1
نجیبه,2
نحله,2
ندا,2
ندیم,1
ندیمه,2
نذیر,1
نرجس,2
نرجس زهرا,2
نرسا,2
نرسه,2
نرسی,1
نرگس,2
نرگس خاتون,2
نرگس دخت,2
نرگس زهرا,2
نرگسه,2
نرگسی,2
نرمین,2
نریمان,1
نزاکت,2
نزهت,2
نزهت الزمان,2
نزیه,2
نزیهه,2
نژلا,2
نسا,2
نسار,2
نستار,1
نستر,2
نسترن,2
نستهن,1
نستهین,1
نستود,1
نستور,1
نستوه,1
نسرین,2
نسرین دخت,2
نسرین رخ,2
نسرینه,2
نسک,2
نسیبا,2
نسیبه,2
نسیم,2
نسیما,2
نسیمه,2
نشاط,1
نشاط,2
نشمیل,2
نشمین,2
نشواد,1
نصار,1
نصر,1
نصرا,2
نصرالدین,1
نصرالله,1
نصرت,2
نصرت الدین,1
نصرت الله,1
نصوح,1
نصیب,1
نصیبه,2
نصیر,1
نصیرا,1
نصیرالدین,1
نضیر,1
نظاره,2
نظام,1
نظام الدین,1
نظیره,2
نعمان,1
نعمت,1
نعمت الله,1
نعنا,2
نعناع,2
نعیم,1
نعیم رضا,1
نعیما,2
نعیمه,2
نغمه,2
نفحه,2
نفس,2
نفیس,1
نفیسا,2
نفیسه,2
نفیسه زهرا,2
نفیل,1
نقره,2
نقشین,2
نقشینه,2
نقی,1
نقیب,1
نقیبه,2
نکتار,2
نکهت,2
نکو,2
نکویار,2
نکیسا,2
نگار,2
نگار افروز,2
نگارا,2
نگاربسته,2
نگارزهرا,2
نگارزینب,2
نگارشید,2
نگارموژان,2
نگاره,2
نگارین,2
نگاه,2
نگیسا,1
نگین,2
نگین چهره,2
نگین دخت,2
نگین رخ,2
نگین زهرا,2
نگینا,2
نگینه,2
نل,2
نلا,2
نلسا,2
نلکا,2
نلی,2
نلیا,2
نلیسا,2
نلین,2
نمونه,2
نها,2
نهاد,1
نهارا,2
نهال,2
نهاله,2
نهام,1
نهان,2
نهایت,2
نهضت,2
نهل,1
نهله,2
نوا,2
نواب,1
نوازش,2
نوال,2
نوبان,1
نوباوه,2
نوبخت,1
نوبر,2
نوبهار,2
نوتاش,1
نوتریکا,1
نوح,1
نوحا,1
نوذر,1
نور,2
نورا,2
نورآتا,2
نورآفاق,2
نورافشان,1
نورالحق,1
نورالدین,1
نورالزهرا,2
نورالسما,2
نورالعین,2
نورالله,1
نورالمهدی,1
نورالهدی,2
نوران,2
نورانگیز,2
نوردخت,2
نورسا,2
نورسان,2
نورسته,2
نورسو,2
نورصبا,2
نورعلی,1
نورمان,2
نورمند,1
نورهان,2
نوروان,1
نوروز,1
نوری,1
نوریا,2
نورین,2
نوریه,2
نوژا,2
نوژان,2
نوژن,1
نوژه,2
نوژیان,2
نوژین,2
نوش آذر,2
نوش آسا,2
نوش آفرین,2
نوشا,2
نوشاب,1
نوشاد,1
نوشان,2
نوشروان,1
نوشزاد,2
نوشناز,2
نوشه,2
نوشیار,1
نوشید,2
نوشیکا,2
نوشین,2
نوشین دخت,2
نوشینه,2
نوفل,1
نوگل,2
نومان,1
نونا,2
نونود,1
نویار,1
نویان,1
نوید,1
نوید حسین,1
نوید رضا,1
نویده,2
نویسا,2
نوئل,1
نوین,1
نوینا,2
نیاتور,1
نیاتوس,1
نیارا,2
نیاراد,1
نیاز,2
نیاسا,1
نیاسان,1
نیاک,1
نیالا,2
نیان,2
نیاوش,1
نیاوند,1
نیایش,2
نیتا,2
نیچروان,1
نیر,2
نیراج,1
نیراعظم,2
نیران,2
نیرم,1
نیره,2
نیرو,1
نیروان,1
نیروانا,2
نیرومند,1
نیسا,2
نیسان,1
نیسانا,2
نیشا,2
نیشام,1
نيكوزهرا,2
نیک,1
نیک اختر,2
نیک آرا,1
نیک افروز,2
نیک آفرید,2
نیک آفرین,2
نیک آهنگ,1
نیک آیین,1
نیک بد,1
نیک بین,1
نیک پی,1
نیک جو,1
نیک چهر,2
نیک چهره,2
نیک خو,1
نیک روز,1
نیک سیما,2
نیک شاد,2
نیک فام,1
نیکا,2
نیکاد,1
نیکادل,2
نیکارام,2
نیکامهر,2
نیکان,1
نیکاو,1
نیکبه,1
نیکتا,2
نیکداد,1
نیکدخت,2
نیکدل,1
نیکراد,1
نیکرای,1
نیکرخ,2
نیکرو,2
نیکزاد,1
نیکسا,2
نیکسام,1
نیکسان,1
نیکفر,1
نیکمهر,1
نیکناز,2
نیکنام,1
نیکو,2
نیکو چهر,2
نیکو راد,1
نیکو لقا,2
نیکو مهر,1
نیکو ناز,2
نیکو نام,1
نیکوش,1
نیکی,2
نیکیا,2
نیکیاد,1
نیکیار,1
نیکیتا,2
نیکین,2
نیل,2
نیل آی,2
نیلا,2
نیلاب,2
نیلاس,2
نیلان,2
نیلای,2
نیلپر,2
نیلدا,2
نیلرام,2
نیلسا,2
نیلسان,2
نیلسو,2
نیلفام,2
نیلگون,2
نیلما,2
نیلماه,2
نیلو,2
نیلوپر,2
نیلوسا,2
نیلوفر,2
نیلی,2
نیلیا,2
نیلین,2
نیما,1
نیماکه,1
نیمتاج,2
نینا,2
نیها,2
نیهات,1
نیهاد,1
نیهان,2
نیو,1
نیواد,1
نیوان,1
نیوان,2
نیواندخت,2
نیوتش,1
نیوراد,1
نیوزاد,1
نیوزار,1
نیوسا,1
نیوشا,2
نیووند,2
هابیل,1
هاتف,1
هاتفه,2
هاجر,2
هادان,1
هادی,1
هادیه,2
هارا,2
هاران,1
هارای,2
هارپاک,1
هارمونیکا,1
هارولد,1
هارون,1
هاژان,2
هاشم,1
هاکان,1
هاکتان,1
هالان,2
هاله,2
هالین,2
هامان,1
هامر,1
هامرز,1
هامن,1
هامون,1
هامویه,1
هامی,1
هامین,1
هانا,2
هانده,2
هانه,2
هانو,1
هانی,1
هانیا,2
هانیتا,2
هانیدا,2
هانیس,2
هانیسا,2
هانیش,2
هانیل,2
هانیه,2
هانیه زهرا,2
هاوار,1
هاوره,1
هاوری,1
هاورین,2
هاوژین,2
هاوش,1
هاونی,1
هاویار,1
هاویر,2
هاوین,2
هایا,2
هایان,1
هائد,1
هایده,2
هایدی,2
هایکا,1
هایکو,1
هایلا,2
هایلین,2
هاینا,2
هایین,2
هباسپ,1
هبه,2
هتاو,2
هترا,1
هجرت,2
هجیر,1
هخا,1
هخامنش,1
هدا,2
هدایت,1
هدایت الله,1
هدسا,2
هدسه,2
هدی,2
هدیر,2
هدیش,2
هدیل,2
هدیه,2
هدیه زهرا,2
هدیه زینب,2
هرانوش,2
هربد,1
هرسام,1
هرمان,1
هرمز,1
هرمزان,1
هرمزد,1
هرمزدیار,1
هرمزیار,1
هرمس,1
هرمیس,2
هرمینا,2
هرمیون,2
هرنگ,1
هرواک,1
هریاد,1
هزاره,1
هژار,1
هژبر,1
هژیان,1
هژیر,1
هژین,2
هستان,1
هستی,2
هستیا,2
هستیار,1
هستیدخت,2
هشام,1
هشیار,1
هفیان,2
هلاکو,1
هلاله,2
هلپرین,2
هلدا,2
هلدیر,1
هلسا,2
هلکو,1
هلما,2
هلن,2
هلنا,2
هلناز,2
هلنسا,2
هلیا,2
هلیانا,2
هلیانه,2
هلیسا,2
هلیل,1
هلین,2
هلینا,2
هلیون,2
هما,2
هما دخت,2
هما دیس,2
همام,1
هماوند,1
همایون,1
همایوندخت,2
همت,1
همت الله,1
همتا,2
همدم,2
همراد,1
همراز,2
همراه,2
همنواد,1
همیلا,2
هنا,2
هنار,2
هناس,2
هناسه,2
هناو,2
هنرمند,1
هنگامه,2
هنیا,2
هوال,1
هوبان,1
هوبخت,2
هوبر,1
هوپاد,1
هوپند,2
هوتس,2
هوتسا,2
هوتک,1
هوتن,1
هوچهر,2
هودا,2
هوداد,1
هودین,1
هور,2
هورا,2
هوراد,1
هوراز,1
هورآسا,2
هورآفرین,2
هورام,1
هوراماه,2
هوران,2
هوراوش,2
هورتاش,2
هورتن,2
هورچهر,2
هورخ,2
هورخش,2
هورداد,1
هوردخت,2
هوردیس,2
هوررخ,2
هورزاد,1
هورسا,2
هورسان,2
هورشاد,1
هورشید,2
هورفر,1
هورمزد,1
هورمن,1
هورمند,1
هورمهر,2
هورناز,2
هورنگ,1
هوروس,1
هوروش,2
هوری,2
هوریا,2
هوریار,1
هورین,2
هوزان,2
هوژان,2
هوژین,2
هوسان,2
هوشدار,1
هوشمند,1
هوشنگ,1
هوشور,1
هوشیار,1
هوفر,1
هوفریا,2
هوگر,1
هوگل,2
هوگون,2
هوما,2
هومان,1
هومایا,2
هومن,1
هومهر,1
هوناز,2
هونام,1
هونامیک,2
هونیا,2
هونیاک,1
هویاد,1
هویار,1
هویدا,1
هوین,2
هیام,2
هیبا,2
هیبت,1
هیبت الله,1
هیتا,2
هیتاسب,1
هیثم,1
هیدارا,1
هیدخت,2
هیدی,2
هیدیکا,2
هیرا,1
هیراب,1
هیراد,1
هیران,2
هیربد,1
هیرسا,1
هیرساد,1
هیرش,1
هیرکان,1
هیرمان,1
هیرمند,1
هیرو,2
هیروان,1
هیرود,1
هیرون,1
هیری,2
هیزان,2
هیژا,1
هیژان,2
هیشو,1
هیشوی,1
هیفا,2
هیلا,2
هیلان,2
هیلدا,2
هیلما,2
هیلماه,2
هیلمی,2
هیلناز,2
هیلی,2
هیما,2
هیمن,1
هیمو,2
هینا,2
هینان,2
هیوا,1
هیواد,1
هیوان,2
هیون,1
واتیار,1
واثق,1
واجد,1
واحد,1
واحده,2
واحه,2
وادا,1
وادان,1
وادگان,1
وادی,1
وادیار,1
واران,1
واران,2
وارتان,1
وارتوش,2
وارث,1
واردان,1
وارسته,1
وارش,2
واروژ,1
واروژان,1
وارونا,1
وازنا,2
واسپور,1
واسع,1
واصف,1
واصل,1
واعظ,1
وافی,1
واقد,1
واقف,1
والا,1
والا علی,1
والا گهر,1
والا یار,1
والارضا,1
والریا,2
واله,2
والی,1
والیه,2
وامق,1
وانان,1
وانتیار,1
وانوش,2
وانیا,2
وانیار,1
وانیشا,2
واهب,1
وائل,1
وایه,2
وایو,2
وتار,1
وترا,2
وثوق,1
وجاسب,1
وجیه,2
وجیه الله,1
وجیهه,2
وچان,2
وحدانه,2
وحدت,1
وحید,1
وحیدالدین,1
وحیدرضا,1
وحیده,2
وخش,1
وخشور,1
ودا,2
وداد,1
ودود,1
ودیع,1
ورازاد,1
ورازبنده,1
ورازپیروز,1
ورازتیرداد,1
ورازداد,1
ورازمهر,1
ورازنرسی,1
ورتا,2
ورتاج,2
ورجا,1
ورجاوند,1
ورد,1
وردا,1
وردآفرید,2
وردان,1
وردانشاه,1
وردگل,2
وردی,2
ورزا,1
ورزاک,1
ورزان,1
ورزنده,1
ورشاد,1
ورشان,2
ورشنگ,1
ورقا,2
ورنا,2
ورهرام,1
ورهران,1
ورونیکا,1
وریا,1
وریشه,2
وژاسپ,1
وژمه,2
وساک,1
وسام,1
وسپار,1
وسپور,1
وستا,2
وستهم,1
وسمه,2
وسیم,1
وسیمه,2
وشان,2
وشم,1
وشمگیر,1
وشن,2
وشنام,1
وصال,1
وفا,1
وفادار,1
وفاق,2
وقار,1
ولا,2
ولام,1
ولان,2
ولگا,2
ولی,1
ولیالله,1
ولید,1
ولیداد,1
وناز,2
وندا,2
ونداد,1
وندیداد,1
ونسا,2
ونو,2
ونوس,2
ونوسا,2
ونوش,2
ونوشا,2
ونوشه,2
وهاب,1
وهاج,1
وهاد,1
وهار,2
وهامان,1
وهان,1
وهب,1
وهرز,1
وهرو,2
وهزاد,1
وهسود,1
وهمهر,1
وهنیا,1
وهیستا,2
ویارش,1
ویام,1
ویان,2
ویانا,2
ویدا,2
ویدیا,2
ویرا,1
ویراب,1
ویراک,1
ویرو,2
ویریا,2
ویس,2
ویسپار,1
ویستا,2
ویستاخ,1
ویستهم,1
ویستور,1
ویسه,2
ویشار,2
ویشتاسب,1
ویشکا,2
ویکتور,1
ویگن,1
وینا,2
ویناسب,1
وینسار,2
وینه,2
ویهان,1
ویوات,2
ویوان,1
ویوگ,2
ویولا,2
ویولت,2
ویونا,2
ویویان,1
ویوین,2
یاحا,1
یاد,2
یادا,1
یادگار,1
یادمهر,2
یار,1
یارا,1
یاراد,1
یاراش,1
یارالله,1
یاران,1
یارتا,1
یاردا,1
یاردخت,2
یاردل,1
یارسا,1
یارسام,1
یارسان,1
یارسانا,2
یارقین,1
یارگل,2
یارمس,1
یارن,2
یارناز,2
یارنوش,2
یارنیک,1
یاره,1
یارور,1
یارین,2
یاز,2
یازا,1
یاس,2
یاس فاطمه,2
یاس گل,2
یاس ناز,2
یاسا,1
یاسام,1
یاسان,1
یاسر,1
یاسمن,2
یاسمن دخت,2
یاسمن زهرا,2
یاسمن زینب,2
یاسمن فاطمه,2
یاسمین,2
یاسمین زهرا,2
یاسمینا,2
یاسمینه,2
یاسین,1
یاسینا,2
یاشا,1
یاشار,1
یاشال,1
یاشام,1
یاشگین,2
یاشلار,2
یاشیل,2
یاشین,1
یاغمور,2
یافا,2
یاقوت,1
ئاگرو,1
یالان,1
یالمان,1
یاماچ,1
یامور,2
یامین,2
یانا,2
یانار,2
یانی,1
یانیک,2
یاوان,1
یاور,1
یاوند,1
یثنا,2
یحیی,1
یحیی محمد,1
یدالله,1
یرحا,2
یرمیا,1
یزد جرد,1
یزداد,1
یزدان,1
یزدان داد,1
یزدان دخت,2
یزدان مهر,1
یزدان یار,1
یزدان‌مهر,1
یزدانیار,1
یزدگرد,1
یسرا,2
یسنا,2
یشتار,1
یشم,1
یشما,2
یشیم,2
یعقوب,1
یغما,1
یغماناز,2
یکتا,1
یکتا,2
یکتافاطمه,2
یکیتی,2
یگانه,2
یگانه زهرا,2
یگانه فاطمه,2
یلان,1
یلدا,2
یلدوز,2
یلدیز,2
یلسان,1
یمنا,2
یمین,1
یمین الله,1
ینال,1
یهدا,2
یهودا,1
یوتاب,2
یوتام,1
یوحنا,1
یوریل,2
یوزارسیف,1
ئوژین,2
یوسف,1
یوسف رضا,1
یوسف محمد,1
یوشا,1
یوشع,1
یوشیتا,1
یوکابد,2
یولداش,1
یونا,1
یوناس,1
یونس,1
یوهان,1
ییلدیز,2
